# 1: Detection or Track-id,  2: Video or Image Identifier,  3: Unique Frame Identifier,  4-7: Img-bbox(TL_x,TL_y,BR_x,BR_y),  8: Detection confidence,  9: Target Length (0 or -1 if invalid),  10-11+: Repeated Species, Confidence Pairs
# Written on: Mon May 21 07:21:53 2018   by: write_detected_object_set_viame_csv
0,03142_D20160630-T162918.657_00-0C-DF-06-40-BF.png,0,0,3,35,17,0.00136197,0,fish,0.00136197
1,03142_D20160630-T162918.657_00-0C-DF-06-40-BF.png,0,0,3,100,17,0.0041172,0,fish,0.0041172
2,03142_D20160630-T162918.657_00-0C-DF-06-40-BF.png,0,48,3,173,21,0.0236131,0,fish,0.0236131
3,03142_D20160630-T162918.657_00-0C-DF-06-40-BF.png,0,98,4,252,17,0.00247535,0,fish,0.00247535
4,03142_D20160630-T162918.657_00-0C-DF-06-40-BF.png,0,167,4,316,15,0.0019981,0,fish,0.0019981
5,03142_D20160630-T162918.657_00-0C-DF-06-40-BF.png,0,234,4,377,17,0.00458632,0,fish,0.00458632
6,03142_D20160630-T162918.657_00-0C-DF-06-40-BF.png,0,293,3,437,18,0.0193733,0,fish,0.0193733
7,03142_D20160630-T162918.657_00-0C-DF-06-40-BF.png,0,365,6,498,21,0.0125389,0,fish,0.0125389
8,03142_D20160630-T162918.657_00-0C-DF-06-40-BF.png,0,429,4,543,20,0.0023908,0,fish,0.0023908
9,03142_D20160630-T162918.657_00-0C-DF-06-40-BF.png,0,503,2,543,19,0.00170768,0,fish,0.00170768
10,03142_D20160630-T162918.657_00-0C-DF-06-40-BF.png,0,49,30,110,57,0.00313273,0,fish,0.00313273
11,03142_D20160630-T162918.657_00-0C-DF-06-40-BF.png,0,73,31,146,59,0.00500626,0,fish,0.00500626
12,03142_D20160630-T162918.657_00-0C-DF-06-40-BF.png,0,104,33,180,58,0.00389594,0,fish,0.00389594
13,03142_D20160630-T162918.657_00-0C-DF-06-40-BF.png,0,139,34,209,58,0.00457692,0,fish,0.00457692
14,03142_D20160630-T162918.657_00-0C-DF-06-40-BF.png,0,174,34,240,59,0.00328395,0,fish,0.00328395
15,03142_D20160630-T162918.657_00-0C-DF-06-40-BF.png,0,201,36,277,60,0.00321905,0,fish,0.00321905
16,03142_D20160630-T162918.657_00-0C-DF-06-40-BF.png,0,265,34,347,65,0.00126737,0,fish,0.00126737
17,03142_D20160630-T162918.657_00-0C-DF-06-40-BF.png,0,329,48,454,68,0.00290455,0,fish,0.00290455
18,03142_D20160630-T162918.657_00-0C-DF-06-40-BF.png,0,390,36,473,59,0.00447045,0,fish,0.00447045
19,03142_D20160630-T162918.657_00-0C-DF-06-40-BF.png,0,422,28,507,57,0.0037519,0,fish,0.0037519
20,03142_D20160630-T162918.657_00-0C-DF-06-40-BF.png,0,463,27,524,64,0.00179097,0,fish,0.00179097
21,03142_D20160630-T162918.657_00-0C-DF-06-40-BF.png,0,514,18,539,75,0.00158096,0,fish,0.00158096
22,03142_D20160630-T162918.657_00-0C-DF-06-40-BF.png,0,156,68,193,88,0.0012414,0,fish,0.0012414
23,03142_D20160630-T162918.657_00-0C-DF-06-40-BF.png,0,188,70,226,90,0.00157675,0,fish,0.00157675
24,03142_D20160630-T162918.657_00-0C-DF-06-40-BF.png,0,219,69,260,89,0.00135307,0,fish,0.00135307
25,03142_D20160630-T162918.657_00-0C-DF-06-40-BF.png,0,245,66,296,88,0.00112072,0,fish,0.00112072
26,03142_D20160630-T162918.657_00-0C-DF-06-40-BF.png,0,298,54,421,81,0.564217,0,fish,0.564217,scallop,0.00141068
27,03142_D20160630-T162918.657_00-0C-DF-06-40-BF.png,0,516,60,541,113,0.00562973,0,fish,0.00562973
28,03142_D20160630-T162918.657_00-0C-DF-06-40-BF.png,0,128,97,163,120,0.00131079,0,fish,0.00131079
29,03142_D20160630-T162918.657_00-0C-DF-06-40-BF.png,0,156,99,195,121,0.00433347,0,fish,0.00433347,scallop,0.00113776
30,03142_D20160630-T162918.657_00-0C-DF-06-40-BF.png,0,187,100,228,121,0.00731423,0,fish,0.00731423,scallop,0.00159992
31,03142_D20160630-T162918.657_00-0C-DF-06-40-BF.png,0,219,100,261,122,0.00739147,0,fish,0.00739147,scallop,0.00137932
32,03142_D20160630-T162918.657_00-0C-DF-06-40-BF.png,0,250,98,295,121,0.00582272,0,fish,0.00582272,scallop,0.00171244
33,03142_D20160630-T162918.657_00-0C-DF-06-40-BF.png,0,287,96,331,115,0.00101276,0,fish,0.00101276
34,03142_D20160630-T162918.657_00-0C-DF-06-40-BF.png,0,518,87,543,131,0.0309261,0,fish,0.0309261
35,03142_D20160630-T162918.657_00-0C-DF-06-40-BF.png,0,126,133,163,154,0.0013565,0,fish,0.0013565
36,03142_D20160630-T162918.657_00-0C-DF-06-40-BF.png,0,154,132,195,154,0.00397469,0,fish,0.00397469
37,03142_D20160630-T162918.657_00-0C-DF-06-40-BF.png,0,185,132,228,154,0.00648977,0,fish,0.00648977
38,03142_D20160630-T162918.657_00-0C-DF-06-40-BF.png,0,216,133,260,154,0.00853282,0,fish,0.00853282,scallop,0.00101535
39,03142_D20160630-T162918.657_00-0C-DF-06-40-BF.png,0,249,133,294,153,0.00343957,0,fish,0.00343957
40,03142_D20160630-T162918.657_00-0C-DF-06-40-BF.png,0,283,132,325,149,0.00126102,0,fish,0.00126102
41,03142_D20160630-T162918.657_00-0C-DF-06-40-BF.png,0,154,166,196,187,0.00193149,0,fish,0.00193149
42,03142_D20160630-T162918.657_00-0C-DF-06-40-BF.png,0,187,165,228,186,0.00448963,0,fish,0.00448963
43,03142_D20160630-T162918.657_00-0C-DF-06-40-BF.png,0,217,166,262,186,0.0100735,0,fish,0.0100735
44,03142_D20160630-T162918.657_00-0C-DF-06-40-BF.png,0,250,167,294,186,0.00815444,0,fish,0.00815444
45,03142_D20160630-T162918.657_00-0C-DF-06-40-BF.png,0,281,168,325,187,0.00313441,0,fish,0.00313441
46,03142_D20160630-T162918.657_00-0C-DF-06-40-BF.png,0,314,169,357,188,0.00134406,0,fish,0.00134406
47,03142_D20160630-T162918.657_00-0C-DF-06-40-BF.png,0,218,201,259,218,0.00140136,0,fish,0.00140136
48,03142_D20160630-T162918.657_00-0C-DF-06-40-BF.png,0,189,270,287,291,0.00133974,0,fish,0.00133974
49,03142_D20160630-T162918.657_00-0C-DF-06-40-BF.png,0,220,268,320,297,0.00171624,0,fish,0.00171624
50,03142_D20160630-T162918.657_00-0C-DF-06-40-BF.png,0,160,285,261,319,0.0104836,0,fish,0.0104836
51,03142_D20160630-T162918.657_00-0C-DF-06-40-BF.png,0,448,416,482,438,0.00125144,0,fish,0.00125144
52,03142_D20160630-T162918.657_00-0C-DF-06-40-BF.png,0,479,412,514,441,0.00152105,0,fish,0.00152105
53,03142_D20160630-T162918.657_00-0C-DF-06-40-BF.png,0,487,472,509,513,0.00125719,0,scallop,0.00125719
54,03142_D20160630-T162918.657_00-0C-DF-06-40-BF.png,0,11,0,213,45,0.146582,0,fish,0.146582
55,03142_D20160630-T162918.657_00-0C-DF-06-40-BF.png,0,100,6,383,35,0.00341081,0,fish,0.00341081
56,03142_D20160630-T162918.657_00-0C-DF-06-40-BF.png,0,238,2,434,40,0.0148744,0,fish,0.0148744
57,03142_D20160630-T162918.657_00-0C-DF-06-40-BF.png,0,304,1,543,39,0.0288903,0,fish,0.0288903
58,03142_D20160630-T162918.657_00-0C-DF-06-40-BF.png,0,39,11,247,75,0.00622333,0,fish,0.00622333
59,03142_D20160630-T162918.657_00-0C-DF-06-40-BF.png,0,276,36,444,76,0.0265292,0,fish,0.0265292
60,03142_D20160630-T162918.657_00-0C-DF-06-40-BF.png,0,373,16,543,71,0.0067975,0,fish,0.0067975
61,03142_D20160630-T162918.657_00-0C-DF-06-40-BF.png,0,303,47,471,96,0.00107009,0,fish,0.00107009
62,03142_D20160630-T162918.657_00-0C-DF-06-40-BF.png,0,178,74,304,153,0.00114669,0,fish,0.00114669
63,03142_D20160630-T162918.657_00-0C-DF-06-40-BF.png,0,503,58,543,169,0.00181326,0,fish,0.00181326
64,03142_D20160630-T162918.657_00-0C-DF-06-40-BF.png,0,173,265,419,319,0.663801,0,fish,0.663801
65,03142_D20160630-T162918.657_00-0C-DF-06-40-BF.png,0,0,0,230,219,0.00346161,0,fish,0.00346161
66,03142_D20160630-T162918.657_00-0C-DF-06-40-BF.png,0,308,0,543,179,0.00133745,0,fish,0.00133745
67,03142_D20160630-T162918.657_00-0C-DF-06-40-BF.png,0,271,0,457,267,0.002681,0,fish,0.002681
68,03142_D20160630-T162918.657_00-0C-DF-06-40-BF.png,0,70,0,343,229,0.0178028,0,fish,0.0178028,scallop,0.00125041
69,03142_D20160630-T162918.657_00-0C-DF-06-40-BF.png,0,71,114,427,373,0.00544439,0,fish,0.00544439
70,03142_D20160630-T162918.657_00-0C-DF-06-40-BF.png,0,181,189,371,347,0.0189022,0,fish,0.0189022
71,03142_D20160630-T162918.657_00-0C-DF-06-40-BF.png,0,0,8,373,82,0.0536015,0,fish,0.0536015
72,03142_D20160630-T162918.657_00-0C-DF-06-40-BF.png,0,103,18,496,69,0.0183401,0,fish,0.0183401
73,03142_D20160630-T162918.657_00-0C-DF-06-40-BF.png,0,199,41,542,111,0.00809996,0,fish,0.00809996
74,03142_D20160630-T162918.657_00-0C-DF-06-40-BF.png,0,0,87,400,251,0.00193151,0,fish,0.00193151
75,03142_D20160630-T162918.657_00-0C-DF-06-40-BF.png,0,21,222,477,318,0.0143092,0,fish,0.0143092
76,03142_D20160630-T162918.657_00-0C-DF-06-40-BF.png,0,0,0,395,184,0.00404509,0,fish,0.00404509
77,03142_D20160630-T162918.657_00-0C-DF-06-40-BF.png,0,53,0,543,172,0.00279932,0,fish,0.00279932
78,03142_D20160630-T162918.657_00-0C-DF-06-40-BF.png,0,0,0,459,304,0.00211386,0,scallop,0.00211386
79,03142_D20160630-T162918.657_00-0C-DF-06-40-BF.png,0,0,0,483,344,0.101702,0,fish,0.101702
80,03149_D20160630-T162921.356_00-0C-DF-06-40-BF.png,1,0,3,37,17,0.00118744,0,fish,0.00118744
81,03149_D20160630-T162921.356_00-0C-DF-06-40-BF.png,1,0,3,101,16,0.00517511,0,fish,0.00517511
82,03149_D20160630-T162921.356_00-0C-DF-06-40-BF.png,1,45,3,171,22,0.024451,0,fish,0.024451
83,03149_D20160630-T162921.356_00-0C-DF-06-40-BF.png,1,146,4,273,15,0.00211903,0,fish,0.00211903
84,03149_D20160630-T162921.356_00-0C-DF-06-40-BF.png,1,250,3,360,13,0.00183545,0,fish,0.00183545
85,03149_D20160630-T162921.356_00-0C-DF-06-40-BF.png,1,301,4,435,19,0.00839982,0,fish,0.00839982
86,03149_D20160630-T162921.356_00-0C-DF-06-40-BF.png,1,374,5,485,21,0.0193084,0,fish,0.0193084
87,03149_D20160630-T162921.356_00-0C-DF-06-40-BF.png,1,70,30,148,59,0.00724858,0,fish,0.00724858
88,03149_D20160630-T162921.356_00-0C-DF-06-40-BF.png,1,106,31,177,57,0.00329748,0,fish,0.00329748
89,03149_D20160630-T162921.356_00-0C-DF-06-40-BF.png,1,143,35,209,58,0.003513,0,fish,0.003513
90,03149_D20160630-T162921.356_00-0C-DF-06-40-BF.png,1,178,36,237,57,0.00398349,0,fish,0.00398349
91,03149_D20160630-T162921.356_00-0C-DF-06-40-BF.png,1,210,38,267,58,0.00442375,0,fish,0.00442375
92,03149_D20160630-T162921.356_00-0C-DF-06-40-BF.png,1,242,38,299,58,0.00241623,0,fish,0.00241623
93,03149_D20160630-T162921.356_00-0C-DF-06-40-BF.png,1,272,38,334,58,0.00198403,0,fish,0.00198403
94,03149_D20160630-T162921.356_00-0C-DF-06-40-BF.png,1,299,37,370,59,0.00265571,0,fish,0.00265571
95,03149_D20160630-T162921.356_00-0C-DF-06-40-BF.png,1,331,35,403,61,0.00224055,0,fish,0.00224055
96,03149_D20160630-T162921.356_00-0C-DF-06-40-BF.png,1,367,32,434,60,0.00228988,0,fish,0.00228988
97,03149_D20160630-T162921.356_00-0C-DF-06-40-BF.png,1,400,30,466,59,0.00308182,0,fish,0.00308182
98,03149_D20160630-T162921.356_00-0C-DF-06-40-BF.png,1,432,30,494,57,0.00155069,0,fish,0.00155069
99,03149_D20160630-T162921.356_00-0C-DF-06-40-BF.png,1,191,100,222,119,0.00131036,0,fish,0.00131036
100,03149_D20160630-T162921.356_00-0C-DF-06-40-BF.png,1,219,144,260,168,0.00640992,0,fish,0.00640992
101,03149_D20160630-T162921.356_00-0C-DF-06-40-BF.png,1,208,148,282,178,0.00979685,0,fish,0.00979685
102,03149_D20160630-T162921.356_00-0C-DF-06-40-BF.png,1,478,211,521,279,0.00100448,0,fish,0.00100448
103,03149_D20160630-T162921.356_00-0C-DF-06-40-BF.png,1,86,260,141,275,0.00143773,0,fish,0.00143773
104,03149_D20160630-T162921.356_00-0C-DF-06-40-BF.png,1,111,264,181,280,0.00176432,0,fish,0.00176432
105,03149_D20160630-T162921.356_00-0C-DF-06-40-BF.png,1,146,268,210,284,0.00563431,0,fish,0.00563431
106,03149_D20160630-T162921.356_00-0C-DF-06-40-BF.png,1,176,267,240,283,0.00572613,0,fish,0.00572613
107,03149_D20160630-T162921.356_00-0C-DF-06-40-BF.png,1,206,268,273,285,0.00306488,0,fish,0.00306488
108,03149_D20160630-T162921.356_00-0C-DF-06-40-BF.png,1,483,241,521,305,0.00669486,0,fish,0.00669486
109,03149_D20160630-T162921.356_00-0C-DF-06-40-BF.png,1,517,234,543,289,0.211747,0,fish,0.211747
110,03149_D20160630-T162921.356_00-0C-DF-06-40-BF.png,1,121,290,170,314,0.00103649,0,fish,0.00103649
111,03149_D20160630-T162921.356_00-0C-DF-06-40-BF.png,1,150,289,202,311,0.00155033,0,fish,0.00155033
112,03149_D20160630-T162921.356_00-0C-DF-06-40-BF.png,1,210,288,276,307,0.00151567,0,fish,0.00151567
113,03149_D20160630-T162921.356_00-0C-DF-06-40-BF.png,1,271,291,341,307,0.00135903,0,fish,0.00135903
114,03149_D20160630-T162921.356_00-0C-DF-06-40-BF.png,1,299,287,371,304,0.00155824,0,fish,0.00155824
115,03149_D20160630-T162921.356_00-0C-DF-06-40-BF.png,1,340,291,397,306,0.00157352,0,fish,0.00157352
116,03149_D20160630-T162921.356_00-0C-DF-06-40-BF.png,1,476,281,516,321,0.00237227,0,fish,0.00237227
117,03149_D20160630-T162921.356_00-0C-DF-06-40-BF.png,1,525,259,538,345,0.00161634,0,fish,0.00161634
118,03149_D20160630-T162921.356_00-0C-DF-06-40-BF.png,1,125,326,165,349,0.00143881,0,fish,0.00143881
119,03149_D20160630-T162921.356_00-0C-DF-06-40-BF.png,1,157,326,198,349,0.00146465,0,fish,0.00146465
120,03149_D20160630-T162921.356_00-0C-DF-06-40-BF.png,1,529,309,539,364,0.00120447,0,fish,0.00120447
121,03149_D20160630-T162921.356_00-0C-DF-06-40-BF.png,1,94,358,133,385,0.00137,0,fish,0.00137
122,03149_D20160630-T162921.356_00-0C-DF-06-40-BF.png,1,126,359,167,384,0.00223353,0,fish,0.00223353
123,03149_D20160630-T162921.356_00-0C-DF-06-40-BF.png,1,157,357,198,384,0.00219677,0,fish,0.00219677
124,03149_D20160630-T162921.356_00-0C-DF-06-40-BF.png,1,189,358,230,382,0.00105502,0,fish,0.00105502
125,03149_D20160630-T162921.356_00-0C-DF-06-40-BF.png,1,91,383,134,411,0.00175664,0,fish,0.00175664
126,03149_D20160630-T162921.356_00-0C-DF-06-40-BF.png,1,124,384,167,411,0.00207972,0,fish,0.00207972
127,03149_D20160630-T162921.356_00-0C-DF-06-40-BF.png,1,156,384,199,410,0.00132889,0,fish,0.00132889
128,03149_D20160630-T162921.356_00-0C-DF-06-40-BF.png,1,186,385,229,409,0.00102635,0,fish,0.00102635
129,03149_D20160630-T162921.356_00-0C-DF-06-40-BF.png,1,525,384,542,415,0.00114217,0,fish,0.00114217
130,03149_D20160630-T162921.356_00-0C-DF-06-40-BF.png,1,62,412,100,437,0.00160195,0,fish,0.00160195
131,03149_D20160630-T162921.356_00-0C-DF-06-40-BF.png,1,94,411,134,437,0.00192117,0,fish,0.00192117
132,03149_D20160630-T162921.356_00-0C-DF-06-40-BF.png,1,128,412,166,437,0.00171593,0,fish,0.00171593
133,03149_D20160630-T162921.356_00-0C-DF-06-40-BF.png,1,162,412,197,437,0.00124055,0,fish,0.00124055
134,03149_D20160630-T162921.356_00-0C-DF-06-40-BF.png,1,258,415,291,436,0.00123235,0,fish,0.00123235
135,03149_D20160630-T162921.356_00-0C-DF-06-40-BF.png,1,289,415,322,436,0.00134099,0,fish,0.00134099
136,03149_D20160630-T162921.356_00-0C-DF-06-40-BF.png,1,489,472,508,514,0.00106541,0,scallop,0.00106541
137,03149_D20160630-T162921.356_00-0C-DF-06-40-BF.png,1,7,0,213,46,0.17828,0,fish,0.17828
138,03149_D20160630-T162921.356_00-0C-DF-06-40-BF.png,1,86,6,329,36,0.00173079,0,fish,0.00173079
139,03149_D20160630-T162921.356_00-0C-DF-06-40-BF.png,1,222,4,457,36,0.00399582,0,fish,0.00399582
140,03149_D20160630-T162921.356_00-0C-DF-06-40-BF.png,1,312,0,543,44,0.0649714,0,fish,0.0649714
141,03149_D20160630-T162921.356_00-0C-DF-06-40-BF.png,1,114,22,299,75,0.00111616,0,fish,0.00111616
142,03149_D20160630-T162921.356_00-0C-DF-06-40-BF.png,1,206,148,390,194,0.655063,0,fish,0.655063
143,03149_D20160630-T162921.356_00-0C-DF-06-40-BF.png,1,504,217,543,320,0.0133694,0,fish,0.0133694
144,03149_D20160630-T162921.356_00-0C-DF-06-40-BF.png,1,5,0,223,222,0.00358836,0,fish,0.00358836
145,03149_D20160630-T162921.356_00-0C-DF-06-40-BF.png,1,232,34,371,316,0.00189272,0,fish,0.00189272
146,03149_D20160630-T162921.356_00-0C-DF-06-40-BF.png,1,77,128,344,421,0.00129692,0,fish,0.00129692
147,03149_D20160630-T162921.356_00-0C-DF-06-40-BF.png,1,0,0,265,43,0.00107924,0,scallop,0.00107924
148,03149_D20160630-T162921.356_00-0C-DF-06-40-BF.png,1,109,0,502,40,0.0013959,0,fish,0.0013959
149,03149_D20160630-T162921.356_00-0C-DF-06-40-BF.png,1,243,0,543,40,0.00146985,0,scallop,0.00146985
150,03149_D20160630-T162921.356_00-0C-DF-06-40-BF.png,1,0,13,325,76,0.0827726,0,fish,0.0827726
151,03149_D20160630-T162921.356_00-0C-DF-06-40-BF.png,1,199,3,543,75,0.0449264,0,fish,0.0449264
152,03149_D20160630-T162921.356_00-0C-DF-06-40-BF.png,1,0,0,347,155,0.002903,0,fish,0.002903
153,03149_D20160630-T162921.356_00-0C-DF-06-40-BF.png,1,159,104,440,198,0.00328809,0,fish,0.00328809
154,03149_D20160630-T162921.356_00-0C-DF-06-40-BF.png,1,0,207,424,324,0.00160928,0,fish,0.00160928
155,03149_D20160630-T162921.356_00-0C-DF-06-40-BF.png,1,0,270,381,387,0.0012298,0,fish,0.0012298
156,03149_D20160630-T162921.356_00-0C-DF-06-40-BF.png,1,142,0,543,195,0.00610862,0,fish,0.00610862
157,03149_D20160630-T162921.356_00-0C-DF-06-40-BF.png,1,0,0,408,313,0.00694746,0,fish,0.00694746
158,03149_D20160630-T162921.356_00-0C-DF-06-40-BF.png,1,0,68,543,274,0.00139824,0,fish,0.00139824
159,03149_D20160630-T162921.356_00-0C-DF-06-40-BF.png,1,0,40,503,498,0.010294,0,fish,0.010294
160,03149_D20160630-T162921.356_00-0C-DF-06-40-BF.png,1,324,40,543,504,0.00107325,0,fish,0.00107325
161,03149_D20160630-T162921.356_00-0C-DF-06-40-BF.png,1,0,253,374,543,0.00161887,0,fish,0.00161887
162,03171_D20160630-T162929.936_00-0C-DF-06-40-BF.png,2,0,2,36,17,0.00174507,0,fish,0.00174507
163,03171_D20160630-T162929.936_00-0C-DF-06-40-BF.png,2,20,1,139,21,0.0264715,0,fish,0.0264715
164,03171_D20160630-T162929.936_00-0C-DF-06-40-BF.png,2,73,4,210,17,0.00332726,0,fish,0.00332726
165,03171_D20160630-T162929.936_00-0C-DF-06-40-BF.png,2,148,5,269,15,0.00246594,0,fish,0.00246594
166,03171_D20160630-T162929.936_00-0C-DF-06-40-BF.png,2,219,3,325,13,0.0019177,0,fish,0.0019177
167,03171_D20160630-T162929.936_00-0C-DF-06-40-BF.png,2,276,2,397,13,0.00213186,0,fish,0.00213186
168,03171_D20160630-T162929.936_00-0C-DF-06-40-BF.png,2,369,2,493,23,0.0100621,0,fish,0.0100621
169,03171_D20160630-T162929.936_00-0C-DF-06-40-BF.png,2,509,3,543,19,0.00105531,0,fish,0.00105531
170,03171_D20160630-T162929.936_00-0C-DF-06-40-BF.png,2,70,30,147,57,0.00725445,0,fish,0.00725445
171,03171_D20160630-T162929.936_00-0C-DF-06-40-BF.png,2,108,33,177,55,0.00361677,0,fish,0.00361677
172,03171_D20160630-T162929.936_00-0C-DF-06-40-BF.png,2,143,36,206,56,0.00517255,0,fish,0.00517255
173,03171_D20160630-T162929.936_00-0C-DF-06-40-BF.png,2,175,37,238,56,0.00556479,0,fish,0.00556479
174,03171_D20160630-T162929.936_00-0C-DF-06-40-BF.png,2,206,39,270,57,0.0036532,0,fish,0.0036532
175,03171_D20160630-T162929.936_00-0C-DF-06-40-BF.png,2,241,37,297,56,0.00172435,0,fish,0.00172435
176,03171_D20160630-T162929.936_00-0C-DF-06-40-BF.png,2,273,37,329,56,0.00147676,0,fish,0.00147676
177,03171_D20160630-T162929.936_00-0C-DF-06-40-BF.png,2,303,37,364,57,0.00126454,0,fish,0.00126454
178,03171_D20160630-T162929.936_00-0C-DF-06-40-BF.png,2,159,71,193,87,0.00128017,0,fish,0.00128017
179,03171_D20160630-T162929.936_00-0C-DF-06-40-BF.png,2,224,74,260,88,0.00103228,0,fish,0.00103228
180,03171_D20160630-T162929.936_00-0C-DF-06-40-BF.png,2,128,100,161,121,0.00207651,0,fish,0.00207651
181,03171_D20160630-T162929.936_00-0C-DF-06-40-BF.png,2,156,102,194,120,0.00513181,0,fish,0.00513181
182,03171_D20160630-T162929.936_00-0C-DF-06-40-BF.png,2,188,102,226,121,0.00599128,0,fish,0.00599128
183,03171_D20160630-T162929.936_00-0C-DF-06-40-BF.png,2,228,110,263,126,0.00270995,0,fish,0.00270995
184,03171_D20160630-T162929.936_00-0C-DF-06-40-BF.png,2,123,133,163,152,0.00172691,0,fish,0.00172691
185,03171_D20160630-T162929.936_00-0C-DF-06-40-BF.png,2,152,134,198,153,0.00297194,0,fish,0.00297194
186,03171_D20160630-T162929.936_00-0C-DF-06-40-BF.png,2,188,133,231,152,0.00416266,0,fish,0.00416266
187,03171_D20160630-T162929.936_00-0C-DF-06-40-BF.png,2,223,136,279,153,0.0172498,0,fish,0.0172498
188,03171_D20160630-T162929.936_00-0C-DF-06-40-BF.png,2,212,138,340,156,0.00751583,0,fish,0.00751583
189,03171_D20160630-T162929.936_00-0C-DF-06-40-BF.png,2,185,162,235,184,0.00295325,0,fish,0.00295325
190,03171_D20160630-T162929.936_00-0C-DF-06-40-BF.png,2,222,157,270,176,0.00161809,0,fish,0.00161809
191,03171_D20160630-T162929.936_00-0C-DF-06-40-BF.png,2,269,153,348,177,0.00212462,0,fish,0.00212462
192,03171_D20160630-T162929.936_00-0C-DF-06-40-BF.png,2,260,200,300,236,0.0641152,0,fish,0.0641152
193,03171_D20160630-T162929.936_00-0C-DF-06-40-BF.png,2,269,202,345,231,0.00351667,0,fish,0.00351667
194,03171_D20160630-T162929.936_00-0C-DF-06-40-BF.png,2,320,196,418,234,0.00761814,0,fish,0.00761814
195,03171_D20160630-T162929.936_00-0C-DF-06-40-BF.png,2,149,236,204,254,0.00102819,0,fish,0.00102819
196,03171_D20160630-T162929.936_00-0C-DF-06-40-BF.png,2,251,207,313,249,0.0286953,0,fish,0.0286953
197,03171_D20160630-T162929.936_00-0C-DF-06-40-BF.png,2,264,216,415,246,0.00542573,0,fish,0.00542573
198,03171_D20160630-T162929.936_00-0C-DF-06-40-BF.png,2,87,256,140,272,0.00178864,0,fish,0.00178864
199,03171_D20160630-T162929.936_00-0C-DF-06-40-BF.png,2,115,261,173,276,0.00120165,0,fish,0.00120165
200,03171_D20160630-T162929.936_00-0C-DF-06-40-BF.png,2,150,261,207,275,0.00432407,0,fish,0.00432407
201,03171_D20160630-T162929.936_00-0C-DF-06-40-BF.png,2,176,261,239,277,0.00180963,0,fish,0.00180963
202,03171_D20160630-T162929.936_00-0C-DF-06-40-BF.png,2,220,262,267,279,0.00107814,0,fish,0.00107814
203,03171_D20160630-T162929.936_00-0C-DF-06-40-BF.png,2,252,258,298,278,0.00798279,0,fish,0.00798279
204,03171_D20160630-T162929.936_00-0C-DF-06-40-BF.png,2,269,253,340,280,0.0082897,0,fish,0.0082897
205,03171_D20160630-T162929.936_00-0C-DF-06-40-BF.png,2,151,293,202,316,0.00163261,0,fish,0.00163261
206,03171_D20160630-T162929.936_00-0C-DF-06-40-BF.png,2,121,327,166,350,0.00124591,0,fish,0.00124591
207,03171_D20160630-T162929.936_00-0C-DF-06-40-BF.png,2,153,326,197,349,0.00186172,0,fish,0.00186172
208,03171_D20160630-T162929.936_00-0C-DF-06-40-BF.png,2,189,327,228,349,0.00192174,0,fish,0.00192174
209,03171_D20160630-T162929.936_00-0C-DF-06-40-BF.png,2,221,325,258,347,0.00112785,0,fish,0.00112785
210,03171_D20160630-T162929.936_00-0C-DF-06-40-BF.png,2,93,356,136,385,0.00114677,0,fish,0.00114677
211,03171_D20160630-T162929.936_00-0C-DF-06-40-BF.png,2,125,357,168,384,0.00198427,0,fish,0.00198427
212,03171_D20160630-T162929.936_00-0C-DF-06-40-BF.png,2,155,357,201,384,0.0024695,0,fish,0.0024695
213,03171_D20160630-T162929.936_00-0C-DF-06-40-BF.png,2,187,357,231,383,0.0015204,0,fish,0.0015204
214,03171_D20160630-T162929.936_00-0C-DF-06-40-BF.png,2,91,383,132,412,0.00103811,0,fish,0.00103811
215,03171_D20160630-T162929.936_00-0C-DF-06-40-BF.png,2,126,382,165,410,0.00113923,0,fish,0.00113923
216,03171_D20160630-T162929.936_00-0C-DF-06-40-BF.png,2,443,389,484,413,0.00145083,0,fish,0.00145083
217,03171_D20160630-T162929.936_00-0C-DF-06-40-BF.png,2,472,389,522,414,0.00245517,0,fish,0.00245517
218,03171_D20160630-T162929.936_00-0C-DF-06-40-BF.png,2,521,387,541,416,0.00135153,0,fish,0.00135153
219,03171_D20160630-T162929.936_00-0C-DF-06-40-BF.png,2,63,412,100,438,0.00147575,0,fish,0.00147575
220,03171_D20160630-T162929.936_00-0C-DF-06-40-BF.png,2,93,411,132,438,0.00155484,0,fish,0.00155484
221,03171_D20160630-T162929.936_00-0C-DF-06-40-BF.png,2,127,414,166,437,0.00120368,0,fish,0.00120368
222,03171_D20160630-T162929.936_00-0C-DF-06-40-BF.png,2,161,414,196,436,0.0010011,0,fish,0.0010011
223,03171_D20160630-T162929.936_00-0C-DF-06-40-BF.png,2,289,416,321,437,0.00122766,0,fish,0.00122766
224,03171_D20160630-T162929.936_00-0C-DF-06-40-BF.png,2,320,416,353,437,0.00111803,0,fish,0.00111803
225,03171_D20160630-T162929.936_00-0C-DF-06-40-BF.png,2,351,416,385,438,0.00107776,0,fish,0.00107776
226,03171_D20160630-T162929.936_00-0C-DF-06-40-BF.png,2,383,416,417,439,0.0011644,0,fish,0.0011644
227,03171_D20160630-T162929.936_00-0C-DF-06-40-BF.png,2,446,414,483,439,0.00130481,0,fish,0.00130481
228,03171_D20160630-T162929.936_00-0C-DF-06-40-BF.png,2,475,411,518,440,0.00213627,0,fish,0.00213627
229,03171_D20160630-T162929.936_00-0C-DF-06-40-BF.png,2,488,471,508,513,0.00105813,0,scallop,0.00105813
230,03171_D20160630-T162929.936_00-0C-DF-06-40-BF.png,2,0,0,175,44,0.112068,0,fish,0.112068
231,03171_D20160630-T162929.936_00-0C-DF-06-40-BF.png,2,323,1,538,38,0.0313672,0,fish,0.0313672
232,03171_D20160630-T162929.936_00-0C-DF-06-40-BF.png,2,75,22,275,74,0.00187562,0,fish,0.00187562
233,03171_D20160630-T162929.936_00-0C-DF-06-40-BF.png,2,349,10,514,71,0.00215515,0,fish,0.00215515
234,03171_D20160630-T162929.936_00-0C-DF-06-40-BF.png,2,211,126,411,168,0.650186,0,fish,0.650186
235,03171_D20160630-T162929.936_00-0C-DF-06-40-BF.png,2,226,141,432,194,0.0107723,0,fish,0.0107723
236,03171_D20160630-T162929.936_00-0C-DF-06-40-BF.png,2,273,187,450,249,0.710097,0,fish,0.710097
237,03171_D20160630-T162929.936_00-0C-DF-06-40-BF.png,2,0,0,187,199,0.00231649,0,fish,0.00231649
238,03171_D20160630-T162929.936_00-0C-DF-06-40-BF.png,2,313,0,543,189,0.00135828,0,fish,0.00135828
239,03171_D20160630-T162929.936_00-0C-DF-06-40-BF.png,2,8,0,278,247,0.00449045,0,fish,0.00449045
240,03171_D20160630-T162929.936_00-0C-DF-06-40-BF.png,2,205,39,404,252,0.0053641,0,fish,0.0053641
241,03171_D20160630-T162929.936_00-0C-DF-06-40-BF.png,2,296,81,432,332,0.00854404,0,fish,0.00854404
242,03171_D20160630-T162929.936_00-0C-DF-06-40-BF.png,2,9,0,342,48,0.00318384,0,fish,0.00318384
243,03171_D20160630-T162929.936_00-0C-DF-06-40-BF.png,2,0,11,303,82,0.053701,0,fish,0.053701
244,03171_D20160630-T162929.936_00-0C-DF-06-40-BF.png,2,196,9,543,73,0.00226225,0,fish,0.00226225
245,03171_D20160630-T162929.936_00-0C-DF-06-40-BF.png,2,0,47,449,169,0.0122677,0,fish,0.0122677
246,03171_D20160630-T162929.936_00-0C-DF-06-40-BF.png,2,30,113,515,166,0.00260538,0,fish,0.00260538
247,03171_D20160630-T162929.936_00-0C-DF-06-40-BF.png,2,0,105,459,228,0.00196659,0,fish,0.00196659
248,03171_D20160630-T162929.936_00-0C-DF-06-40-BF.png,2,84,153,528,246,0.00583643,0,fish,0.00583643
249,03171_D20160630-T162929.936_00-0C-DF-06-40-BF.png,2,161,216,512,304,0.00116481,0,fish,0.00116481
250,03171_D20160630-T162929.936_00-0C-DF-06-40-BF.png,2,0,272,443,386,0.00229959,0,fish,0.00229959
251,03171_D20160630-T162929.936_00-0C-DF-06-40-BF.png,2,171,0,543,234,0.00135985,0,fish,0.00135985
252,03171_D20160630-T162929.936_00-0C-DF-06-40-BF.png,2,0,0,438,291,0.035669,0,fish,0.035669
253,03171_D20160630-T162929.936_00-0C-DF-06-40-BF.png,2,173,86,543,319,0.00268601,0,fish,0.00268601
254,03171_D20160630-T162929.936_00-0C-DF-06-40-BF.png,2,0,50,429,543,0.00618385,0,fish,0.00618385
255,03180_D20160630-T162933.399_00-0C-DF-06-40-BF.png,3,0,1,37,18,0.00161422,0,fish,0.00161422
256,03180_D20160630-T162933.399_00-0C-DF-06-40-BF.png,3,20,1,138,21,0.0307531,0,fish,0.0307531
257,03180_D20160630-T162933.399_00-0C-DF-06-40-BF.png,3,84,3,197,13,0.00319945,0,fish,0.00319945
258,03180_D20160630-T162933.399_00-0C-DF-06-40-BF.png,3,153,4,260,12,0.00215766,0,fish,0.00215766
259,03180_D20160630-T162933.399_00-0C-DF-06-40-BF.png,3,310,2,429,15,0.00101489,0,fish,0.00101489
260,03180_D20160630-T162933.399_00-0C-DF-06-40-BF.png,3,371,2,489,22,0.00706268,0,fish,0.00706268
261,03180_D20160630-T162933.399_00-0C-DF-06-40-BF.png,3,444,2,542,18,0.00130124,0,fish,0.00130124
262,03180_D20160630-T162933.399_00-0C-DF-06-40-BF.png,3,509,1,542,19,0.00112283,0,fish,0.00112283
263,03180_D20160630-T162933.399_00-0C-DF-06-40-BF.png,3,47,29,117,54,0.00175374,0,fish,0.00175374
264,03180_D20160630-T162933.399_00-0C-DF-06-40-BF.png,3,78,32,147,52,0.00134351,0,fish,0.00134351
265,03180_D20160630-T162933.399_00-0C-DF-06-40-BF.png,3,113,35,176,53,0.00111661,0,fish,0.00111661
266,03180_D20160630-T162933.399_00-0C-DF-06-40-BF.png,3,400,31,467,62,0.00159046,0,fish,0.00159046
267,03180_D20160630-T162933.399_00-0C-DF-06-40-BF.png,3,428,35,494,65,0.00149174,0,fish,0.00149174
268,03180_D20160630-T162933.399_00-0C-DF-06-40-BF.png,3,414,74,508,101,0.00419708,0,fish,0.00419708
269,03180_D20160630-T162933.399_00-0C-DF-06-40-BF.png,3,516,66,537,100,0.0011936,0,fish,0.0011936
270,03180_D20160630-T162933.399_00-0C-DF-06-40-BF.png,3,94,112,137,125,0.00156467,0,fish,0.00156467
271,03180_D20160630-T162933.399_00-0C-DF-06-40-BF.png,3,135,98,286,134,0.0121123,0,fish,0.0121123
272,03180_D20160630-T162933.399_00-0C-DF-06-40-BF.png,3,384,100,543,126,0.122436,0,fish,0.122436
273,03180_D20160630-T162933.399_00-0C-DF-06-40-BF.png,3,480,102,543,129,0.00940001,0,fish,0.00940001
274,03180_D20160630-T162933.399_00-0C-DF-06-40-BF.png,3,157,119,252,149,0.0022096,0,fish,0.0022096
275,03180_D20160630-T162933.399_00-0C-DF-06-40-BF.png,3,129,235,205,250,0.0052848,0,fish,0.0052848
276,03180_D20160630-T162933.399_00-0C-DF-06-40-BF.png,3,185,235,235,249,0.00335761,0,fish,0.00335761
277,03180_D20160630-T162933.399_00-0C-DF-06-40-BF.png,3,151,256,201,270,0.002364,0,fish,0.002364
278,03180_D20160630-T162933.399_00-0C-DF-06-40-BF.png,3,182,269,233,283,0.0139961,0,fish,0.0139961
279,03180_D20160630-T162933.399_00-0C-DF-06-40-BF.png,3,207,271,273,284,0.00129487,0,fish,0.00129487
280,03180_D20160630-T162933.399_00-0C-DF-06-40-BF.png,3,243,273,297,288,0.00101867,0,fish,0.00101867
281,03180_D20160630-T162933.399_00-0C-DF-06-40-BF.png,3,157,292,205,312,0.00195953,0,fish,0.00195953
282,03180_D20160630-T162933.399_00-0C-DF-06-40-BF.png,3,179,295,250,315,0.0332909,0,fish,0.0332909
283,03180_D20160630-T162933.399_00-0C-DF-06-40-BF.png,3,182,301,307,319,0.0981054,0,fish,0.0981054
284,03180_D20160630-T162933.399_00-0C-DF-06-40-BF.png,3,244,304,356,326,0.0183134,0,fish,0.0183134
285,03180_D20160630-T162933.399_00-0C-DF-06-40-BF.png,3,285,302,369,319,0.0127784,0,fish,0.0127784
286,03180_D20160630-T162933.399_00-0C-DF-06-40-BF.png,3,339,292,387,307,0.00150034,0,fish,0.00150034
287,03180_D20160630-T162933.399_00-0C-DF-06-40-BF.png,3,125,322,165,344,0.00145527,0,fish,0.00145527
288,03180_D20160630-T162933.399_00-0C-DF-06-40-BF.png,3,157,325,198,346,0.00240364,0,fish,0.00240364
289,03180_D20160630-T162933.399_00-0C-DF-06-40-BF.png,3,181,318,241,343,0.00370864,0,fish,0.00370864
290,03180_D20160630-T162933.399_00-0C-DF-06-40-BF.png,3,213,319,330,341,0.0271319,0,fish,0.0271319
291,03180_D20160630-T162933.399_00-0C-DF-06-40-BF.png,3,293,315,366,331,0.00953574,0,fish,0.00953574
292,03180_D20160630-T162933.399_00-0C-DF-06-40-BF.png,3,129,353,174,387,0.00580508,0,fish,0.00580508
293,03180_D20160630-T162933.399_00-0C-DF-06-40-BF.png,3,151,361,210,396,0.0669803,0,fish,0.0669803
294,03180_D20160630-T162933.399_00-0C-DF-06-40-BF.png,3,214,361,327,381,0.0153763,0,fish,0.0153763
295,03180_D20160630-T162933.399_00-0C-DF-06-40-BF.png,3,287,371,375,388,0.00191047,0,fish,0.00191047
296,03180_D20160630-T162933.399_00-0C-DF-06-40-BF.png,3,338,361,395,378,0.00151767,0,fish,0.00151767
297,03180_D20160630-T162933.399_00-0C-DF-06-40-BF.png,3,154,376,270,404,0.0312219,0,fish,0.0312219
298,03180_D20160630-T162933.399_00-0C-DF-06-40-BF.png,3,213,379,336,404,0.0220612,0,fish,0.0220612
299,03180_D20160630-T162933.399_00-0C-DF-06-40-BF.png,3,277,377,382,399,0.0616774,0,fish,0.0616774
300,03180_D20160630-T162933.399_00-0C-DF-06-40-BF.png,3,441,389,489,410,0.00101233,0,fish,0.00101233
301,03180_D20160630-T162933.399_00-0C-DF-06-40-BF.png,3,449,415,484,439,0.00129414,0,fish,0.00129414
302,03180_D20160630-T162933.399_00-0C-DF-06-40-BF.png,3,478,414,516,441,0.00146952,0,fish,0.00146952
303,03180_D20160630-T162933.399_00-0C-DF-06-40-BF.png,3,0,0,173,42,0.0571246,0,fish,0.0571246
304,03180_D20160630-T162933.399_00-0C-DF-06-40-BF.png,3,321,0,541,44,0.0172013,0,fish,0.0172013
305,03180_D20160630-T162933.399_00-0C-DF-06-40-BF.png,3,25,8,205,79,0.00242375,0,fish,0.00242375
306,03180_D20160630-T162933.399_00-0C-DF-06-40-BF.png,3,391,53,537,121,0.00460589,0,fish,0.00460589
307,03180_D20160630-T162933.399_00-0C-DF-06-40-BF.png,3,92,80,333,144,0.684337,0,fish,0.684337
308,03180_D20160630-T162933.399_00-0C-DF-06-40-BF.png,3,478,78,543,154,0.00105905,0,fish,0.00105905
309,03180_D20160630-T162933.399_00-0C-DF-06-40-BF.png,3,0,187,180,248,0.0021853,0,fish,0.0021853
310,03180_D20160630-T162933.399_00-0C-DF-06-40-BF.png,3,10,222,199,254,0.412714,0,fish,0.412714
311,03180_D20160630-T162933.399_00-0C-DF-06-40-BF.png,3,151,291,385,326,0.210285,0,fish,0.210285
312,03180_D20160630-T162933.399_00-0C-DF-06-40-BF.png,3,159,310,377,344,0.0207578,0,fish,0.0207578
313,03180_D20160630-T162933.399_00-0C-DF-06-40-BF.png,3,0,0,197,216,0.00178451,0,fish,0.00178451
314,03180_D20160630-T162933.399_00-0C-DF-06-40-BF.png,3,311,0,543,170,0.00304957,0,fish,0.00304957
315,03180_D20160630-T162933.399_00-0C-DF-06-40-BF.png,3,130,0,298,221,0.00601841,0,fish,0.00601841
316,03180_D20160630-T162933.399_00-0C-DF-06-40-BF.png,3,352,0,543,245,0.00114433,0,fish,0.00114433
317,03180_D20160630-T162933.399_00-0C-DF-06-40-BF.png,3,0,78,168,404,0.00113157,0,fish,0.00113157
318,03180_D20160630-T162933.399_00-0C-DF-06-40-BF.png,3,188,181,359,428,0.00374345,0,fish,0.00374345
319,03180_D20160630-T162933.399_00-0C-DF-06-40-BF.png,3,341,220,543,543,0.00106269,0,fish,0.00106269
320,03180_D20160630-T162933.399_00-0C-DF-06-40-BF.png,3,0,0,217,48,0.00105239,0,fish,0.00105239
321,03180_D20160630-T162933.399_00-0C-DF-06-40-BF.png,3,24,0,327,52,0.001017,0,fish,0.001017
322,03180_D20160630-T162933.399_00-0C-DF-06-40-BF.png,3,0,8,385,92,0.00945763,0,fish,0.00945763
323,03180_D20160630-T162933.399_00-0C-DF-06-40-BF.png,3,260,4,543,87,0.0164645,0,fish,0.0164645
324,03180_D20160630-T162933.399_00-0C-DF-06-40-BF.png,3,23,25,403,159,0.04245,0,fish,0.04245
325,03180_D20160630-T162933.399_00-0C-DF-06-40-BF.png,3,317,76,543,142,0.00373569,0,fish,0.00373569
326,03180_D20160630-T162933.399_00-0C-DF-06-40-BF.png,3,0,209,243,264,0.0173879,0,fish,0.0173879
327,03180_D20160630-T162933.399_00-0C-DF-06-40-BF.png,3,66,177,419,308,0.00119002,0,fish,0.00119002
328,03180_D20160630-T162933.399_00-0C-DF-06-40-BF.png,3,45,270,441,333,0.0282952,0,fish,0.0282952
329,03180_D20160630-T162933.399_00-0C-DF-06-40-BF.png,3,0,282,462,379,0.0115801,0,fish,0.0115801
330,03180_D20160630-T162933.399_00-0C-DF-06-40-BF.png,3,57,327,429,390,0.0178817,0,fish,0.0178817
331,03180_D20160630-T162933.399_00-0C-DF-06-40-BF.png,3,136,368,408,409,0.00516851,0,fish,0.00516851
332,03180_D20160630-T162933.399_00-0C-DF-06-40-BF.png,3,0,0,394,223,0.00247774,0,fish,0.00247774
333,03180_D20160630-T162933.399_00-0C-DF-06-40-BF.png,3,169,0,543,304,0.00358958,0,fish,0.00358958
334,03180_D20160630-T162933.399_00-0C-DF-06-40-BF.png,3,0,62,317,410,0.00167547,0,fish,0.00167547
335,03180_D20160630-T162933.399_00-0C-DF-06-40-BF.png,3,0,139,543,465,0.00688295,0,fish,0.00688295
336,201503.20150517.120031315.99550.png,4,350,3,387,13,0.00102274,0,scallop,0.00102274
337,201503.20150517.120031315.99550.png,4,386,97,412,125,0.00152081,0,scallop,0.00152081
338,201503.20150517.120031315.99550.png,4,415,130,443,151,0.00224911,0,scallop,0.00224911
339,201503.20150517.120031315.99550.png,4,446,135,470,150,0.00230346,0,scallop,0.00230346
340,201503.20150517.120031315.99550.png,4,368,142,407,184,0.846564,0,scallop,0.846564
341,201503.20150517.120031315.99550.png,4,273,202,287,218,0.00298424,0,scallop,0.00298424
342,201503.20150517.120031315.99550.png,4,290,206,299,220,0.00476428,0,scallop,0.00476428
343,201503.20150517.120031315.99550.png,4,423,196,439,215,0.00119904,0,fish,0.00119904
344,201503.20150517.120031315.99550.png,4,491,204,515,227,0.0024057,0,scallop,0.0024057
345,201503.20150517.120031315.99550.png,4,6,287,20,320,0.00103051,0,scallop,0.00103051
346,201503.20150517.120031315.99550.png,4,186,316,228,361,0.00326831,0,fish,0.00326831
347,201503.20150517.120031315.99550.png,4,183,345,233,384,0.00103466,0,fish,0.00103466
348,201503.20150517.120031315.99550.png,4,358,132,430,202,0.00291102,0,scallop,0.00291102
349,201503.20150517.120031315.99550.png,4,177,291,239,388,0.00234073,0,fish,0.00234073
350,201503.20150517.120031315.99550.png,4,262,103,535,193,0.00106223,0,fish,0.00106223
351,201503.20150517.120031315.99550.png,4,309,132,543,276,0.0010786,0,fish,0.0010786
352,201503.20150517.120031315.99550.png,4,109,30,543,327,0.00431676,0,fish,0.00431676,scallop,0.00278049
353,201503.20150518.090447670.290048.png,5,7,3,25,19,0.00156385,0,scallop,0.00156385
354,201503.20150518.090447670.290048.png,5,3,64,21,96,0.00130921,0,fish,0.00130921
355,201503.20150518.090447670.290048.png,5,26,55,72,101,0.00160915,0,fish,0.00160915
356,201503.20150518.090447670.290048.png,5,4,128,21,157,0.00112842,0,scallop,0.00112842
357,201503.20150518.090447670.290048.png,5,4,159,21,192,0.00162151,0,scallop,0.00162151
358,201503.20150518.090447670.290048.png,5,478,178,501,199,0.00888524,0,scallop,0.00888524
359,201503.20150518.090447670.290048.png,5,3,188,19,221,0.00133438,0,scallop,0.00133438
360,201503.20150518.090447670.290048.png,5,97,189,129,219,0.00122425,0,scallop,0.00122425
361,201503.20150518.090447670.290048.png,5,5,224,25,260,0.00283712,0,scallop,0.00283712
362,201503.20150518.090447670.290048.png,5,33,230,59,255,0.00131296,0,scallop,0.00131296
363,201503.20150518.090447670.290048.png,5,230,238,246,251,0.0017545,0,scallop,0.0017545
364,201503.20150518.090447670.290048.png,5,12,262,28,285,0.0080677,0,scallop,0.0080677
365,201503.20150518.090447670.290048.png,5,30,257,49,279,0.00138286,0,scallop,0.00138286
366,201503.20150518.090447670.290048.png,5,7,282,21,311,0.00340655,0,scallop,0.00340655
367,201503.20150518.090447670.290048.png,5,69,299,90,318,0.00366931,0,scallop,0.00366931
368,201503.20150518.090447670.290048.png,5,31,349,53,381,0.00119639,0,scallop,0.00119639
369,201503.20150518.090447670.290048.png,5,7,386,17,410,0.00101843,0,scallop,0.00101843
370,201503.20150518.090447670.290048.png,5,326,388,344,407,0.00124379,0,scallop,0.00124379
371,201503.20150518.090447670.290048.png,5,39,414,62,438,0.00159197,0,scallop,0.00159197
372,201503.20150518.090447670.290048.png,5,7,445,20,483,0.00118792,0,scallop,0.00118792
373,201503.20150518.090447670.290048.png,5,263,477,282,514,0.00105081,0,scallop,0.00105081
374,201503.20150518.090447670.290048.png,5,295,477,314,513,0.00103295,0,scallop,0.00103295
375,201503.20150518.090447670.290048.png,5,328,477,347,514,0.00105803,0,scallop,0.00105803
376,201503.20150518.090447670.290048.png,5,454,476,475,516,0.00117013,0,scallop,0.00117013
377,201503.20150518.090447670.290048.png,5,487,474,508,514,0.00173933,0,scallop,0.00173933
378,201503.20150521.140543578.467498.png,6,448,7,485,21,0.00107792,0,fish,0.00107792
379,201503.20150521.140543578.467498.png,6,468,3,529,20,0.00408959,0,fish,0.00408959
380,201503.20150521.140543578.467498.png,6,509,0,542,21,0.0017922,0,fish,0.0017922
381,201503.20150521.140543578.467498.png,6,73,235,91,259,0.00149153,0,fish,0.00149153
382,201503.20150521.140543578.467498.png,6,316,337,353,376,0.00104221,0,scallop,0.00104221
383,201503.20150521.140543578.467498.png,6,472,348,526,388,0.00211994,0,fish,0.00211994
384,201503.20150521.140543578.467498.png,6,523,337,543,401,0.00267359,0,fish,0.00267359
385,201503.20150521.140543578.467498.png,6,437,383,488,406,0.00129955,0,fish,0.00129955
386,201503.20150521.140543578.467498.png,6,467,384,530,413,0.00344283,0,fish,0.00344283
387,201503.20150521.140543578.467498.png,6,516,381,542,420,0.00596515,0,fish,0.00596515
388,201503.20150521.140543578.467498.png,6,524,404,541,449,0.00108405,0,scallop,0.00108405
389,201503.20150521.140543578.467498.png,6,529,443,542,489,0.00126465,0,scallop,0.00126465
390,201503.20150521.140543578.467498.png,6,488,472,507,514,0.00136991,0,scallop,0.00136991
391,201503.20150521.140543578.467498.png,6,490,320,543,409,0.00255048,0,fish,0.00255048
392,201503.20150521.140543578.467498.png,6,478,356,543,443,0.00194861,0,fish,0.00194861
393,201503.20150523.004112084.659897.png,7,181,25,240,63,0.00120351,0,fish,0.00120351
394,201503.20150523.004112084.659897.png,7,514,273,542,339,0.00438545,0,scallop,0.00438545
395,201503.20150523.004112084.659897.png,7,61,351,89,378,0.00126716,0,scallop,0.00126716
396,201503.20150523.004112084.659897.png,7,522,326,541,406,0.00247391,0,fish,0.00247391
397,201503.20150523.004112084.659897.png,7,34,480,57,514,0.00110414,0,scallop,0.00110414
398,201503.20150523.004112084.659897.png,7,486,474,506,515,0.00126779,0,scallop,0.00126779
399,201503.20150523.004112084.659897.png,7,500,304,543,419,0.00111048,0,fish,0.00111048
400,201503.20150523.004112084.659897.png,7,0,439,104,543,0.00123767,0,scallop,0.00123767
401,201503.20150523.004112084.659897.png,7,431,443,543,543,0.00112847,0,scallop,0.00112847
402,201503.20150528.041924715.189003.png,8,10,97,20,116,0.00173834,0,scallop,0.00173834
403,201503.20150528.041924715.189003.png,8,129,164,156,184,0.00122724,0,fish,0.00122724
404,201503.20150528.041924715.189003.png,8,258,151,281,196,0.00178073,0,fish,0.00178073
405,201503.20150528.041924715.189003.png,8,291,158,319,191,0.00139355,0,fish,0.00139355
406,201503.20150528.041924715.189003.png,8,59,196,83,220,0.00105223,0,fish,0.00105223
407,201503.20150528.041924715.189003.png,8,199,185,225,224,0.00145235,0,fish,0.00145235
408,201503.20150528.041924715.189003.png,8,228,180,257,222,0.00113406,0,fish,0.00113406
409,201503.20150528.041924715.189003.png,8,261,183,284,218,0.00316907,0,fish,0.00316907
410,201503.20150528.041924715.189003.png,8,292,190,317,221,0.00245486,0,fish,0.00245486
411,201503.20150528.041924715.189003.png,8,332,190,353,218,0.00201213,0,scallop,0.00201213,fish,0.00132724
412,201503.20150528.041924715.189003.png,8,8,229,27,256,0.0116334,0,scallop,0.0116334
413,201503.20150528.041924715.189003.png,8,229,218,256,256,0.00513475,0,fish,0.00513475
414,201503.20150528.041924715.189003.png,8,263,219,287,257,0.00379673,0,fish,0.00379673
415,201503.20150528.041924715.189003.png,8,294,223,318,254,0.00271299,0,fish,0.00271299
416,201503.20150528.041924715.189003.png,8,325,223,352,250,0.00126382,0,fish,0.00126382,scallop,0.00111318
417,201503.20150528.041924715.189003.png,8,7,250,26,278,0.00611012,0,scallop,0.00611012
418,201503.20150528.041924715.189003.png,8,234,254,254,283,0.0019138,0,fish,0.0019138
419,201503.20150528.041924715.189003.png,8,268,259,287,284,0.00374241,0,scallop,0.00374241
420,201503.20150528.041924715.189003.png,8,4,285,22,322,0.00158418,0,scallop,0.00158418
421,201503.20150528.041924715.189003.png,8,386,298,406,322,0.0017928,0,scallop,0.0017928
422,201503.20150528.041924715.189003.png,8,349,330,376,361,0.767357,0,scallop,0.767357
423,201503.20150528.041924715.189003.png,8,374,321,402,345,0.00142198,0,scallop,0.00142198
424,201503.20150528.041924715.189003.png,8,243,360,261,384,0.00754499,0,scallop,0.00754499
425,201503.20150528.041924715.189003.png,8,252,356,271,380,0.0049054,0,scallop,0.0049054
426,201503.20150528.041924715.189003.png,8,333,342,360,372,0.00214652,0,scallop,0.00214652
427,201503.20150528.041924715.189003.png,8,297,391,316,409,0.00118132,0,scallop,0.00118132
428,201503.20150528.041924715.189003.png,8,229,415,255,440,0.0010253,0,scallop,0.0010253
429,201503.20150528.041924715.189003.png,8,261,414,286,437,0.00136767,0,scallop,0.00136767
430,201503.20150528.041924715.189003.png,8,198,169,280,305,0.00109871,0,fish,0.00109871
431,201503.20150528.041924715.189003.png,8,340,309,399,377,0.0039652,0,scallop,0.0039652,fish,0.00143858
432,201503.20150528.041924715.189003.png,8,105,0,311,417,0.00132138,0,fish,0.00132138
433,201503.20150528.041924715.189003.png,8,235,216,505,452,0.0041678,0,scallop,0.0041678
434,201503.20150528.041924715.189003.png,8,81,158,333,252,0.00100853,0,fish,0.00100853
435,201503.20150528.041924715.189003.png,8,200,219,537,453,0.00791665,0,fish,0.00791665
436,201503.20150528.041924715.189003.png,8,12,154,543,524,0.00579996,0,fish,0.00579996,scallop,0.00544705
437,201503.20150528.090713303.292184.png,9,478,388,517,414,0.00123009,0,fish,0.00123009
438,201503.20150528.090713303.292184.png,9,524,382,541,415,0.00205664,0,fish,0.00205664
439,201503.20150528.090713303.292184.png,9,481,413,513,442,0.00121423,0,fish,0.00121423
440,201503.20150528.090713303.292184.png,9,525,405,542,452,0.00125382,0,fish,0.00125382,scallop,0.00105549
441,201503.20150528.090713303.292184.png,9,479,448,512,491,0.00152003,0,scallop,0.00152003
442,201503.20150528.090713303.292184.png,9,528,440,540,493,0.001131,0,scallop,0.001131
443,201503.20150528.090713303.292184.png,9,486,474,508,514,0.00160045,0,scallop,0.00160045
444,201503.20150528.090713303.292184.png,9,442,442,543,543,0.00125138,0,scallop,0.00125138
445,201503.20150528.090713303.292184.png,9,410,18,542,280,0.964061,0,fish,0.964061
446,201503.20150528.090713303.292184.png,9,358,182,543,543,0.00117925,0,fish,0.00117925
447,201503.20150528.090713303.292184.png,9,302,60,543,237,0.00115684,0,fish,0.00115684
448,201503.20150603.222907734.213630.png,11,10,35,29,67,0.0013815,0,scallop,0.0013815
449,201503.20150603.222907734.213630.png,11,11,60,27,82,0.0017018,0,scallop,0.0017018
450,201503.20150603.222907734.213630.png,11,10,138,26,164,0.00153773,0,scallop,0.00153773
451,201503.20150603.222907734.213630.png,11,10,152,26,180,0.00120119,0,scallop,0.00120119
452,201503.20150603.222907734.213630.png,11,452,119,481,206,0.0448728,0,fish,0.0448728
453,201503.20150603.222907734.213630.png,11,526,151,538,202,0.00129863,0,fish,0.00129863
454,201503.20150603.222907734.213630.png,11,348,236,383,258,0.00106238,0,fish,0.00106238
455,201503.20150603.222907734.213630.png,11,226,259,254,289,0.00112756,0,scallop,0.00112756
456,201503.20150603.222907734.213630.png,11,288,258,317,284,0.00175806,0,scallop,0.00175806
457,201503.20150603.222907734.213630.png,11,343,257,388,280,0.00130277,0,fish,0.00130277
458,201503.20150603.222907734.213630.png,11,453,16,528,156,0.00100878,0,fish,0.00100878
459,201503.20150603.222907734.213630.png,11,438,95,499,204,0.688838,0,fish,0.688838
460,201503.20150603.222907734.213630.png,11,406,114,480,217,0.00101084,0,fish,0.00101084
461,201503.20150603.222907734.213630.png,11,374,0,543,318,0.00235675,0,fish,0.00235675
462,201503.20150603.222907734.213630.png,11,357,84,543,208,0.00283057,0,fish,0.00283057
463,201503.20150603.222907734.213630.png,11,220,0,543,304,0.00100418,0,fish,0.00100418
464,201503.20150617.190901379.212206.png,12,6,13,26,38,0.523609,0,scallop,0.523609
465,201503.20150617.190901379.212206.png,12,32,5,56,18,0.00673947,0,scallop,0.00673947
466,201503.20150617.190901379.212206.png,12,68,4,96,18,0.0109329,0,scallop,0.0109329
467,201503.20150617.190901379.212206.png,12,108,10,130,25,0.00507515,0,scallop,0.00507515
468,201503.20150617.190901379.212206.png,12,125,10,158,27,0.00268926,0,scallop,0.00268926
469,201503.20150617.190901379.212206.png,12,160,9,192,24,0.0353705,0,scallop,0.0353705
470,201503.20150617.190901379.212206.png,12,192,8,217,20,0.00394471,0,scallop,0.00394471
471,201503.20150617.190901379.212206.png,12,232,5,253,15,0.00428823,0,scallop,0.00428823
472,201503.20150617.190901379.212206.png,12,260,8,284,18,0.00542642,0,scallop,0.00542642
473,201503.20150617.190901379.212206.png,12,289,6,318,17,0.00493952,0,scallop,0.00493952
474,201503.20150617.190901379.212206.png,12,323,5,354,16,0.00548504,0,scallop,0.00548504
475,201503.20150617.190901379.212206.png,12,351,5,385,17,0.0060254,0,scallop,0.0060254
476,201503.20150617.190901379.212206.png,12,395,13,415,22,0.00373041,0,scallop,0.00373041
477,201503.20150617.190901379.212206.png,12,419,13,440,22,0.00386051,0,scallop,0.00386051
478,201503.20150617.190901379.212206.png,12,440,3,484,14,0.00272168,0,scallop,0.00272168
479,201503.20150617.190901379.212206.png,12,474,3,524,21,0.0033752,0,scallop,0.0033752
480,201503.20150617.190901379.212206.png,12,520,0,538,23,0.00327695,0,scallop,0.00327695
481,201503.20150617.190901379.212206.png,12,8,25,23,45,0.0107085,0,scallop,0.0107085
482,201503.20150617.190901379.212206.png,12,27,27,59,59,0.00737451,0,scallop,0.00737451
483,201503.20150617.190901379.212206.png,12,65,29,89,58,0.00206206,0,scallop,0.00206206
484,201503.20150617.190901379.212206.png,12,118,45,143,68,0.540903,0,scallop,0.540903
485,201503.20150617.190901379.212206.png,12,161,29,190,52,0.0134276,0,scallop,0.0134276
486,201503.20150617.190901379.212206.png,12,194,36,210,53,0.00316497,0,scallop,0.00316497
487,201503.20150617.190901379.212206.png,12,235,41,250,54,0.00123723,0,scallop,0.00123723
488,201503.20150617.190901379.212206.png,12,265,39,284,56,0.00532178,0,scallop,0.00532178
489,201503.20150617.190901379.212206.png,12,357,41,382,60,0.00461134,0,scallop,0.00461134
490,201503.20150617.190901379.212206.png,12,403,39,416,51,0.0494748,0,scallop,0.0494748
491,201503.20150617.190901379.212206.png,12,414,37,427,50,0.0441069,0,scallop,0.0441069
492,201503.20150617.190901379.212206.png,12,12,77,30,99,0.0382942,0,scallop,0.0382942,fish,0.00518421
493,201503.20150617.190901379.212206.png,12,25,79,52,102,0.01283,0,scallop,0.01283,fish,0.00203221
494,201503.20150617.190901379.212206.png,12,68,72,89,96,0.00419763,0,scallop,0.00419763
495,201503.20150617.190901379.212206.png,12,109,58,129,77,0.0157109,0,scallop,0.0157109
496,201503.20150617.190901379.212206.png,12,127,58,146,78,0.0294488,0,scallop,0.0294488
497,201503.20150617.190901379.212206.png,12,170,69,187,89,0.00576149,0,scallop,0.00576149
498,201503.20150617.190901379.212206.png,12,204,75,221,90,0.00197453,0,scallop,0.00197453
499,201503.20150617.190901379.212206.png,12,231,83,244,96,0.109213,0,scallop,0.109213
500,201503.20150617.190901379.212206.png,12,264,70,282,91,0.00448845,0,scallop,0.00448845
501,201503.20150617.190901379.212206.png,12,306,80,328,105,0.616607,0,scallop,0.616607
502,201503.20150617.190901379.212206.png,12,358,71,380,91,0.00934569,0,scallop,0.00934569
503,201503.20150617.190901379.212206.png,12,389,69,409,89,0.00605983,0,scallop,0.00605983
504,201503.20150617.190901379.212206.png,12,427,69,443,89,0.00261922,0,scallop,0.00261922
505,201503.20150617.190901379.212206.png,12,454,76,473,98,0.00551547,0,scallop,0.00551547
506,201503.20150617.190901379.212206.png,12,14,98,28,112,0.0372885,0,scallop,0.0372885
507,201503.20150617.190901379.212206.png,12,28,95,50,113,0.0669041,0,scallop,0.0669041,fish,0.00257232
508,201503.20150617.190901379.212206.png,12,71,109,90,129,0.00182002,0,scallop,0.00182002
509,201503.20150617.190901379.212206.png,12,107,102,128,131,0.00625412,0,scallop,0.00625412
510,201503.20150617.190901379.212206.png,12,129,107,151,131,0.0374627,0,scallop,0.0374627
511,201503.20150617.190901379.212206.png,12,171,108,188,126,0.0189552,0,scallop,0.0189552
512,201503.20150617.190901379.212206.png,12,201,112,217,125,0.12758,0,scallop,0.12758
513,201503.20150617.190901379.212206.png,12,230,99,241,110,0.039531,0,scallop,0.039531
514,201503.20150617.190901379.212206.png,12,261,103,278,121,0.00388706,0,scallop,0.00388706
515,201503.20150617.190901379.212206.png,12,316,88,333,107,0.0450592,0,scallop,0.0450592
516,201503.20150617.190901379.212206.png,12,358,99,374,121,0.00494129,0,scallop,0.00494129
517,201503.20150617.190901379.212206.png,12,389,100,406,122,0.00239978,0,scallop,0.00239978
518,201503.20150617.190901379.212206.png,12,427,98,446,128,0.00328691,0,scallop,0.00328691
519,201503.20150617.190901379.212206.png,12,449,99,480,137,0.0421051,0,scallop,0.0421051
520,201503.20150617.190901379.212206.png,12,478,103,506,134,0.00157354,0,scallop,0.00157354
521,201503.20150617.190901379.212206.png,12,6,135,18,156,0.00844655,0,scallop,0.00844655
522,201503.20150617.190901379.212206.png,12,36,138,59,160,0.00482507,0,scallop,0.00482507
523,201503.20150617.190901379.212206.png,12,88,143,112,166,0.551953,0,scallop,0.551953
524,201503.20150617.190901379.212206.png,12,132,131,159,162,0.0502892,0,scallop,0.0502892
525,201503.20150617.190901379.212206.png,12,172,138,189,159,0.00575543,0,scallop,0.00575543
526,201503.20150617.190901379.212206.png,12,199,129,215,146,0.0366729,0,scallop,0.0366729
527,201503.20150617.190901379.212206.png,12,234,141,246,157,0.00416084,0,scallop,0.00416084
528,201503.20150617.190901379.212206.png,12,264,135,281,154,0.00954813,0,scallop,0.00954813
529,201503.20150617.190901379.212206.png,12,298,136,309,150,0.00185401,0,scallop,0.00185401
530,201503.20150617.190901379.212206.png,12,353,141,376,156,0.00559823,0,scallop,0.00559823
531,201503.20150617.190901379.212206.png,12,391,136,411,153,0.00477339,0,scallop,0.00477339
532,201503.20150617.190901379.212206.png,12,421,131,439,153,0.00156727,0,scallop,0.00156727
533,201503.20150617.190901379.212206.png,12,453,125,482,152,0.0165225,0,scallop,0.0165225
534,201503.20150617.190901379.212206.png,12,476,127,507,166,0.00385118,0,scallop,0.00385118
535,201503.20150617.190901379.212206.png,12,8,171,24,190,0.0639946,0,scallop,0.0639946
536,201503.20150617.190901379.212206.png,12,33,168,52,187,0.0172581,0,scallop,0.0172581
537,201503.20150617.190901379.212206.png,12,79,153,98,171,0.0410349,0,scallop,0.0410349
538,201503.20150617.190901379.212206.png,12,94,153,113,171,0.0160208,0,scallop,0.0160208
539,201503.20150617.190901379.212206.png,12,134,159,158,189,0.01897,0,scallop,0.01897
540,201503.20150617.190901379.212206.png,12,161,164,179,183,0.00508646,0,scallop,0.00508646
541,201503.20150617.190901379.212206.png,12,209,183,223,195,0.00265689,0,scallop,0.00265689
542,201503.20150617.190901379.212206.png,12,229,181,240,194,0.00278706,0,scallop,0.00278706
543,201503.20150617.190901379.212206.png,12,263,168,277,185,0.00164094,0,scallop,0.00164094
544,201503.20150617.190901379.212206.png,12,306,176,316,192,0.00395305,0,scallop,0.00395305
545,201503.20150617.190901379.212206.png,12,321,175,334,193,0.00174347,0,scallop,0.00174347
546,201503.20150617.190901379.212206.png,12,354,163,373,183,0.00130019,0,scallop,0.00130019
547,201503.20150617.190901379.212206.png,12,420,171,438,191,0.00104246,0,scallop,0.00104246
548,201503.20150617.190901379.212206.png,12,7,195,19,214,0.0109163,0,scallop,0.0109163
549,201503.20150617.190901379.212206.png,12,39,199,60,219,0.00570997,0,scallop,0.00570997
550,201503.20150617.190901379.212206.png,12,70,202,89,219,0.00616492,0,scallop,0.00616492
551,201503.20150617.190901379.212206.png,12,99,198,119,218,0.0036056,0,scallop,0.0036056
552,201503.20150617.190901379.212206.png,12,132,196,152,217,0.00224297,0,scallop,0.00224297
553,201503.20150617.190901379.212206.png,12,209,199,223,216,0.364809,0,scallop,0.364809
554,201503.20150617.190901379.212206.png,12,221,199,235,215,0.13158,0,scallop,0.13158
555,201503.20150617.190901379.212206.png,12,266,204,281,220,0.00222869,0,scallop,0.00222869
556,201503.20150617.190901379.212206.png,12,305,196,319,213,0.018895,0,scallop,0.018895
557,201503.20150617.190901379.212206.png,12,316,196,334,216,0.0202741,0,scallop,0.0202741
558,201503.20150617.190901379.212206.png,12,362,202,377,219,0.00175673,0,scallop,0.00175673
559,201503.20150617.190901379.212206.png,12,395,206,413,225,0.0174511,0,scallop,0.0174511
560,201503.20150617.190901379.212206.png,12,411,198,438,223,0.0536794,0,scallop,0.0536794
561,201503.20150617.190901379.212206.png,12,6,234,14,251,0.00500914,0,scallop,0.00500914
562,201503.20150617.190901379.212206.png,12,38,230,56,250,0.00296882,0,scallop,0.00296882
563,201503.20150617.190901379.212206.png,12,169,232,189,255,0.00155727,0,scallop,0.00155727
564,201503.20150617.190901379.212206.png,12,198,225,213,243,0.0023492,0,scallop,0.0023492
565,201503.20150617.190901379.212206.png,12,234,230,248,247,0.00214055,0,scallop,0.00214055
566,201503.20150617.190901379.212206.png,12,263,230,278,246,0.00995639,0,scallop,0.00995639
567,201503.20150617.190901379.212206.png,12,327,231,342,249,0.00290377,0,scallop,0.00290377
568,201503.20150617.190901379.212206.png,12,392,221,413,242,0.00175787,0,scallop,0.00175787
569,201503.20150617.190901379.212206.png,12,408,221,440,249,0.00561881,0,scallop,0.00561881
570,201503.20150617.190901379.212206.png,12,456,228,493,255,0.00251118,0,scallop,0.00251118
571,201503.20150617.190901379.212206.png,12,469,223,516,262,0.0327712,0,scallop,0.0327712
572,201503.20150617.190901379.212206.png,12,7,262,16,281,0.00790456,0,scallop,0.00790456
573,201503.20150617.190901379.212206.png,12,48,270,63,286,0.00655296,0,scallop,0.00655296
574,201503.20150617.190901379.212206.png,12,67,275,80,290,0.19022,0,scallop,0.19022
575,201503.20150617.190901379.212206.png,12,100,260,119,282,0.0064207,0,scallop,0.0064207
576,201503.20150617.190901379.212206.png,12,167,261,185,288,0.020571,0,scallop,0.020571
577,201503.20150617.190901379.212206.png,12,220,278,236,292,0.0433742,0,scallop,0.0433742
578,201503.20150617.190901379.212206.png,12,272,268,289,287,0.00737531,0,scallop,0.00737531
579,201503.20150617.190901379.212206.png,12,293,276,314,295,0.53741,0,scallop,0.53741
580,201503.20150617.190901379.212206.png,12,316,269,332,283,0.00870586,0,scallop,0.00870586
581,201503.20150617.190901379.212206.png,12,412,262,443,285,0.00941122,0,scallop,0.00941122
582,201503.20150617.190901379.212206.png,12,8,295,18,315,0.00691176,0,scallop,0.00691176
583,201503.20150617.190901379.212206.png,12,43,286,60,306,0.00760163,0,scallop,0.00760163
584,201503.20150617.190901379.212206.png,12,74,295,92,314,0.324472,0,scallop,0.324472
585,201503.20150617.190901379.212206.png,12,101,303,124,326,0.0993793,0,scallop,0.0993793
586,201503.20150617.190901379.212206.png,12,127,301,146,323,0.593501,0,scallop,0.593501
587,201503.20150617.190901379.212206.png,12,167,291,187,313,0.00641315,0,scallop,0.00641315
588,201503.20150617.190901379.212206.png,12,211,282,228,301,0.31234,0,scallop,0.31234
589,201503.20150617.190901379.212206.png,12,219,284,233,301,0.293953,0,scallop,0.293953
590,201503.20150617.190901379.212206.png,12,270,286,289,305,0.00276978,0,scallop,0.00276978
591,201503.20150617.190901379.212206.png,12,318,289,335,306,0.00313647,0,scallop,0.00313647
592,201503.20150617.190901379.212206.png,12,8,326,17,345,0.00233037,0,scallop,0.00233037
593,201503.20150617.190901379.212206.png,12,77,313,98,334,0.081575,0,scallop,0.081575
594,201503.20150617.190901379.212206.png,12,94,312,116,333,0.0476094,0,scallop,0.0476094
595,201503.20150617.190901379.212206.png,12,128,313,144,330,0.00743487,0,scallop,0.00743487
596,201503.20150617.190901379.212206.png,12,171,324,187,344,0.0050478,0,scallop,0.0050478
597,201503.20150617.190901379.212206.png,12,202,322,217,341,0.00144139,0,scallop,0.00144139
598,201503.20150617.190901379.212206.png,12,264,326,280,347,0.00186533,0,scallop,0.00186533
599,201503.20150617.190901379.212206.png,12,5,357,17,383,0.00106353,0,scallop,0.00106353
600,201503.20150617.190901379.212206.png,12,66,357,96,378,0.00124964,0,scallop,0.00124964
601,201503.20150617.190901379.212206.png,12,104,357,126,379,0.00193966,0,scallop,0.00193966
602,201503.20150617.190901379.212206.png,12,133,365,155,384,0.0021299,0,scallop,0.0021299
603,201503.20150617.190901379.212206.png,12,170,361,189,383,0.00118695,0,scallop,0.00118695
604,201503.20150617.190901379.212206.png,12,428,361,442,376,0.00100298,0,scallop,0.00100298
605,201503.20150617.190901379.212206.png,12,530,356,541,383,0.0045513,0,scallop,0.0045513
606,201503.20150617.190901379.212206.png,12,5,388,18,414,0.0011398,0,scallop,0.0011398
607,201503.20150617.190901379.212206.png,12,29,387,59,412,0.00242819,0,scallop,0.00242819
608,201503.20150617.190901379.212206.png,12,132,390,154,410,0.00195696,0,scallop,0.00195696
609,201503.20150617.190901379.212206.png,12,166,389,191,409,0.00144091,0,scallop,0.00144091
610,201503.20150617.190901379.212206.png,12,195,388,214,407,0.00204535,0,scallop,0.00204535
611,201503.20150617.190901379.212206.png,12,232,394,254,411,0.00188579,0,scallop,0.00188579
612,201503.20150617.190901379.212206.png,12,260,393,282,410,0.00119388,0,scallop,0.00119388
613,201503.20150617.190901379.212206.png,12,322,389,350,410,0.00103978,0,scallop,0.00103978
614,201503.20150617.190901379.212206.png,12,388,393,414,410,0.00118813,0,scallop,0.00118813
615,201503.20150617.190901379.212206.png,12,474,387,492,408,0.53354,0,scallop,0.53354
616,201503.20150617.190901379.212206.png,12,526,382,541,412,0.00199362,0,scallop,0.00199362
617,201503.20150617.190901379.212206.png,12,291,415,318,439,0.001085,0,scallop,0.001085
618,201503.20150617.190901379.212206.png,12,323,417,350,439,0.00226544,0,scallop,0.00226544
619,201503.20150617.190901379.212206.png,12,353,416,383,439,0.00304973,0,scallop,0.00304973
620,201503.20150617.190901379.212206.png,12,389,416,415,439,0.00413767,0,scallop,0.00413767
621,201503.20150617.190901379.212206.png,12,424,418,445,441,0.00240609,0,scallop,0.00240609
622,201503.20150617.190901379.212206.png,12,460,406,481,436,0.00771445,0,scallop,0.00771445
623,201503.20150617.190901379.212206.png,12,481,405,501,432,0.00514043,0,scallop,0.00514043
624,201503.20150617.190901379.212206.png,12,263,451,285,480,0.00107892,0,scallop,0.00107892
625,201503.20150617.190901379.212206.png,12,295,449,317,482,0.00180837,0,scallop,0.00180837
626,201503.20150617.190901379.212206.png,12,326,447,349,485,0.00321177,0,scallop,0.00321177
627,201503.20150617.190901379.212206.png,12,356,448,380,486,0.00392878,0,scallop,0.00392878
628,201503.20150617.190901379.212206.png,12,390,450,409,484,0.00173226,0,scallop,0.00173226
629,201503.20150617.190901379.212206.png,12,294,476,314,514,0.00120771,0,scallop,0.00120771
630,201503.20150617.190901379.212206.png,12,326,477,346,513,0.0016023,0,scallop,0.0016023
631,201503.20150617.190901379.212206.png,12,357,478,378,513,0.00168661,0,scallop,0.00168661
632,201503.20150617.190901379.212206.png,12,389,477,409,513,0.00138015,0,scallop,0.00138015
633,201503.20150617.190901379.212206.png,12,12,8,85,89,0.00125689,0,fish,0.00125689
634,201503.20150617.190901379.212206.png,12,99,24,178,82,0.00173322,0,scallop,0.00173322
635,201503.20150617.190901379.212206.png,12,0,39,54,129,0.00133678,0,fish,0.00133678
636,201503.20150617.190901379.212206.png,12,269,56,351,117,0.0015169,0,scallop,0.0015169
637,201503.20150617.190901379.212206.png,12,2,70,98,147,0.0011073,0,fish,0.0011073
638,201503.20150617.190901379.212206.png,12,75,114,149,181,0.00182586,0,scallop,0.00182586
639,201503.20150617.190901379.212206.png,12,102,102,181,186,0.00410479,0,scallop,0.00410479
640,201503.20150617.190901379.212206.png,12,421,104,508,179,0.00210779,0,scallop,0.00210779
641,201503.20150617.190901379.212206.png,12,372,179,486,246,0.00148724,0,fish,0.00148724
642,201503.20150617.190901379.212206.png,12,135,224,226,328,0.00104278,0,scallop,0.00104278
643,201503.20150617.190901379.212206.png,12,170,243,246,319,0.0015765,0,scallop,0.0015765
644,201503.20150617.190901379.212206.png,12,82,264,150,345,0.00176861,0,scallop,0.00176861
645,201503.20150617.190901379.212206.png,12,102,256,181,357,0.00329371,0,scallop,0.00329371
646,201503.20150617.190901379.212206.png,12,319,407,415,526,0.00109203,0,scallop,0.00109203
647,201503.20150617.190901379.212206.png,12,0,0,90,174,0.00206647,0,scallop,0.00206647
648,201503.20150617.190901379.212206.png,12,44,0,180,209,0.00110019,0,fish,0.00110019
649,201503.20150617.190901379.212206.png,12,29,0,262,166,0.00162156,0,scallop,0.00162156
650,201503.20150617.190901379.212206.png,12,18,15,211,266,0.00240792,0,scallop,0.00240792
651,201503.20150617.190901379.212206.png,12,0,10,106,341,0.00101077,0,scallop,0.00101077
652,201503.20150617.190901379.212206.png,12,310,55,543,357,0.00144652,0,fish,0.00144652
653,201503.20150617.190901379.212206.png,12,218,184,393,355,0.00222224,0,fish,0.00222224
654,201503.20150617.190901379.212206.png,12,349,241,543,543,0.00216225,0,fish,0.00216225,scallop,0.00163959
655,201503.20150617.190901379.212206.png,12,226,290,507,543,0.00127146,0,scallop,0.00127146,fish,0.00107772
656,201503.20150617.190901379.212206.png,12,0,0,142,100,0.00212236,0,scallop,0.00212236
657,201503.20150617.190901379.212206.png,12,59,13,282,94,0.00196342,0,fish,0.00196342
658,201503.20150617.190901379.212206.png,12,0,0,180,179,0.0033819,0,fish,0.0033819
659,201503.20150617.190901379.212206.png,12,195,15,404,158,0.00303899,0,fish,0.00303899
660,201503.20150617.190901379.212206.png,12,176,0,489,186,0.00149437,0,scallop,0.00149437
661,201503.20150617.190901379.212206.png,12,27,31,256,190,0.0046309,0,fish,0.0046309
662,201503.20150617.190901379.212206.png,12,0,74,189,226,0.00202867,0,fish,0.00202867
663,201503.20150617.190901379.212206.png,12,2,209,284,400,0.0137646,0,fish,0.0137646,scallop,0.00883091
664,201503.20150617.190901379.212206.png,12,0,0,392,192,0.00325197,0,scallop,0.00325197
665,201503.20150617.190901379.212206.png,12,0,0,470,202,0.00332281,0,fish,0.00332281
666,201503.20150617.190901379.212206.png,12,0,0,543,258,0.00160608,0,scallop,0.00160608,fish,0.00154051
667,201503.20150617.190901379.212206.png,12,0,0,456,313,0.0014434,0,scallop,0.0014434
668,201503.20150617.190901379.212206.png,12,0,159,536,454,0.0135856,0,fish,0.0135856,scallop,0.00981849
669,201503.20150617.190901379.212206.png,12,182,208,543,543,0.00242688,0,fish,0.00242688,scallop,0.00149266
670,20151019.200633.128.060102.png,13,4,88,13,142,0.00143497,0,scallop,0.00143497
671,20151019.200633.128.060102.png,13,94,97,128,134,0.00229761,0,fish,0.00229761
672,20151019.200633.128.060102.png,13,194,104,223,126,0.0014863,0,fish,0.0014863
673,20151019.200633.128.060102.png,13,223,103,250,130,0.00536548,0,fish,0.00536548
674,20151019.200633.128.060102.png,13,256,102,285,126,0.00202894,0,fish,0.00202894
675,20151019.200633.128.060102.png,13,5,122,18,165,0.00188296,0,fish,0.00188296
676,20151019.200633.128.060102.png,13,90,132,131,161,0.00570278,0,fish,0.00570278,scallop,0.00103666
677,20151019.200633.128.060102.png,13,189,132,233,160,0.0295922,0,fish,0.0295922
678,20151019.200633.128.060102.png,13,220,144,266,168,0.198349,0,fish,0.198349
679,20151019.200633.128.060102.png,13,242,139,282,164,0.00690685,0,fish,0.00690685
680,20151019.200633.128.060102.png,13,158,154,185,182,0.00348226,0,fish,0.00348226
681,20151019.200633.128.060102.png,13,192,154,231,179,0.00226246,0,fish,0.00226246
682,20151019.200633.128.060102.png,13,246,157,277,183,0.0061476,0,fish,0.0061476
683,20151019.200633.128.060102.png,13,356,164,382,190,0.00116956,0,fish,0.00116956
684,20151019.200633.128.060102.png,13,385,166,413,188,0.00190474,0,fish,0.00190474
685,20151019.200633.128.060102.png,13,417,165,446,185,0.00128063,0,fish,0.00128063
686,20151019.200633.128.060102.png,13,226,195,257,221,0.00108697,0,fish,0.00108697
687,20151019.200633.128.060102.png,13,358,193,386,224,0.00130404,0,fish,0.00130404
688,20151019.200633.128.060102.png,13,380,207,439,234,0.0117216,0,fish,0.0117216
689,20151019.200633.128.060102.png,13,439,208,473,231,0.00757514,0,fish,0.00757514
690,20151019.200633.128.060102.png,13,221,232,260,255,0.00122218,0,fish,0.00122218
691,20151019.200633.128.060102.png,13,254,228,294,255,0.00120829,0,fish,0.00120829
692,20151019.200633.128.060102.png,13,353,230,391,253,0.00352461,0,fish,0.00352461
693,20151019.200633.128.060102.png,13,377,218,446,245,0.632146,0,fish,0.632146
694,20151019.200633.128.060102.png,13,433,221,471,245,0.0700276,0,fish,0.0700276
695,20151019.200633.128.060102.png,13,209,268,278,284,0.00188523,0,fish,0.00188523
696,20151019.200633.128.060102.png,13,240,268,304,286,0.00277032,0,fish,0.00277032
697,20151019.200633.128.060102.png,13,315,265,360,284,0.00108044,0,fish,0.00108044
698,20151019.200633.128.060102.png,13,349,264,389,284,0.00160888,0,fish,0.00160888
699,20151019.200633.128.060102.png,13,445,256,478,279,0.00177193,0,fish,0.00177193
700,20151019.200633.128.060102.png,13,479,261,516,285,0.00170392,0,fish,0.00170392
701,20151019.200633.128.060102.png,13,142,284,164,326,0.00443533,0,fish,0.00443533
702,20151019.200633.128.060102.png,13,283,299,328,310,0.00110739,0,fish,0.00110739
703,20151019.200633.128.060102.png,13,320,301,363,313,0.00360171,0,fish,0.00360171
704,20151019.200633.128.060102.png,13,344,301,389,310,0.00167231,0,fish,0.00167231
705,20151019.200633.128.060102.png,13,379,297,430,308,0.00482783,0,fish,0.00482783
706,20151019.200633.128.060102.png,13,409,298,459,309,0.00398866,0,fish,0.00398866
707,20151019.200633.128.060102.png,13,444,301,487,315,0.00247073,0,fish,0.00247073
708,20151019.200633.128.060102.png,13,477,299,512,314,0.00117692,0,fish,0.00117692
709,20151019.200633.128.060102.png,13,280,326,325,340,0.0013815,0,fish,0.0013815
710,20151019.200633.128.060102.png,13,318,324,366,336,0.0029209,0,fish,0.0029209
711,20151019.200633.128.060102.png,13,382,327,423,343,0.00211338,0,fish,0.00211338
712,20151019.200633.128.060102.png,13,410,335,458,349,0.00243916,0,fish,0.00243916
713,20151019.200633.128.060102.png,13,442,333,491,347,0.00359815,0,fish,0.00359815
714,20151019.200633.128.060102.png,13,222,365,256,380,0.00214748,0,fish,0.00214748
715,20151019.200633.128.060102.png,13,255,363,290,380,0.00402818,0,fish,0.00402818
716,20151019.200633.128.060102.png,13,289,361,323,378,0.00580446,0,fish,0.00580446
717,20151019.200633.128.060102.png,13,319,364,357,378,0.004068,0,fish,0.004068
718,20151019.200633.128.060102.png,13,347,361,387,379,0.00588347,0,fish,0.00588347
719,20151019.200633.128.060102.png,13,383,361,426,379,0.00279335,0,fish,0.00279335
720,20151019.200633.128.060102.png,13,415,360,454,376,0.0072964,0,fish,0.0072964
721,20151019.200633.128.060102.png,13,221,387,259,409,0.00101154,0,fish,0.00101154
722,20151019.200633.128.060102.png,13,252,387,291,410,0.00204225,0,fish,0.00204225
723,20151019.200633.128.060102.png,13,284,389,325,411,0.00286135,0,fish,0.00286135
724,20151019.200633.128.060102.png,13,316,387,361,410,0.00188641,0,fish,0.00188641
725,20151019.200633.128.060102.png,13,344,386,398,409,0.00378169,0,fish,0.00378169
726,20151019.200633.128.060102.png,13,378,390,422,410,0.00244546,0,fish,0.00244546
727,20151019.200633.128.060102.png,13,413,387,446,403,0.00243938,0,fish,0.00243938
728,20151019.200633.128.060102.png,13,448,390,481,409,0.00176137,0,fish,0.00176137
729,20151019.200633.128.060102.png,13,474,395,526,415,0.00202629,0,fish,0.00202629
730,20151019.200633.128.060102.png,13,524,394,543,416,0.00265943,0,fish,0.00265943
731,20151019.200633.128.060102.png,13,134,479,155,514,0.00115635,0,scallop,0.00115635
732,20151019.200633.128.060102.png,13,387,479,411,516,0.00103782,0,scallop,0.00103782
733,20151019.200633.128.060102.png,13,452,477,477,514,0.00145289,0,scallop,0.00145289
734,20151019.200633.128.060102.png,13,484,474,509,512,0.0018764,0,scallop,0.0018764
735,20151019.200633.128.060102.png,13,0,50,117,171,0.00383367,0,fish,0.00383367
736,20151019.200633.128.060102.png,13,44,52,176,175,0.0141675,0,fish,0.0141675
737,20151019.200633.128.060102.png,13,193,68,285,164,0.00163009,0,fish,0.00163009
738,20151019.200633.128.060102.png,13,199,113,280,185,0.00966749,0,fish,0.00966749
739,20151019.200633.128.060102.png,13,1,158,102,252,0.00259398,0,fish,0.00259398
740,20151019.200633.128.060102.png,13,449,444,538,543,0.00128246,0,scallop,0.00128246
741,20151019.200633.128.060102.png,13,29,0,200,325,0.00693095,0,fish,0.00693095
742,20151019.200633.128.060102.png,13,136,6,355,284,0.00253976,0,fish,0.00253976
743,20151019.200633.128.060102.png,13,0,24,189,142,0.00178234,0,fish,0.00178234
744,20151019.200633.128.060102.png,13,0,55,231,219,0.00724298,0,fish,0.00724298
745,20151019.200633.128.060102.png,13,10,84,470,200,0.00266241,0,fish,0.00266241
746,20151019.200633.128.060102.png,13,203,173,543,293,0.0024521,0,fish,0.0024521
747,20151019.200633.128.060102.png,13,99,312,507,413,0.0011996,0,fish,0.0011996
748,20151019.200633.128.060102.png,13,0,0,539,305,0.00142738,0,fish,0.00142738
749,20151019.200633.128.060102.png,13,99,57,543,421,0.00810187,0,fish,0.00810187
750,20151019.200633.128.060102.png,13,20,256,529,543,0.00172179,0,fish,0.00172179
751,clef1_frames000056.png,14,94,2,131,15,0.0050091,0,fish,0.0050091
752,clef1_frames000056.png,14,131,15,163,36,0.0508382,0,fish,0.0508382
753,clef1_frames000056.png,14,150,6,184,21,0.0272951,0,fish,0.0272951
754,clef1_frames000056.png,14,186,4,229,15,0.00592946,0,fish,0.00592946
755,clef1_frames000056.png,14,214,4,259,15,0.00531103,0,fish,0.00531103
756,clef1_frames000056.png,14,243,2,300,10,0.0011238,0,fish,0.0011238
757,clef1_frames000056.png,14,3,30,18,60,0.00126072,0,fish,0.00126072
758,clef1_frames000056.png,14,59,34,106,50,0.00199586,0,fish,0.00199586
759,clef1_frames000056.png,14,129,17,173,55,0.707878,0,fish,0.707878
760,clef1_frames000056.png,14,143,32,185,79,0.0131282,0,fish,0.0131282
761,clef1_frames000056.png,14,187,21,220,60,0.00408758,0,fish,0.00408758
762,clef1_frames000056.png,14,63,67,107,87,0.00229051,0,fish,0.00229051
763,clef1_frames000056.png,14,92,68,127,83,0.00508826,0,fish,0.00508826
764,clef1_frames000056.png,14,152,52,191,88,0.805418,0,fish,0.805418
765,clef1_frames000056.png,14,285,63,318,86,0.00116778,0,fish,0.00116778
766,clef1_frames000056.png,14,421,65,442,97,0.00131668,0,scallop,0.00131668
767,clef1_frames000056.png,14,451,64,473,96,0.00164148,0,scallop,0.00164148
768,clef1_frames000056.png,14,2,101,12,127,0.00128741,0,fish,0.00128741
769,clef1_frames000056.png,14,37,107,61,125,0.0016912,0,fish,0.0016912
770,clef1_frames000056.png,14,65,108,93,128,0.00971976,0,fish,0.00971976
771,clef1_frames000056.png,14,95,96,128,116,0.00416048,0,fish,0.00416048
772,clef1_frames000056.png,14,127,98,163,119,0.00279566,0,fish,0.00279566
773,clef1_frames000056.png,14,204,92,224,127,0.00389601,0,fish,0.00389601
774,clef1_frames000056.png,14,217,95,253,121,0.00117885,0,fish,0.00117885
775,clef1_frames000056.png,14,261,101,291,120,0.00102274,0,fish,0.00102274
776,clef1_frames000056.png,14,290,103,317,125,0.00198068,0,fish,0.00198068
777,clef1_frames000056.png,14,317,102,345,122,0.00122653,0,fish,0.00122653
778,clef1_frames000056.png,14,391,98,412,126,0.00119387,0,scallop,0.00119387
779,clef1_frames000056.png,14,422,97,443,128,0.00227742,0,scallop,0.00227742
780,clef1_frames000056.png,14,452,97,473,127,0.00184359,0,scallop,0.00184359
781,clef1_frames000056.png,14,4,130,14,155,0.00188944,0,fish,0.00188944
782,clef1_frames000056.png,14,45,126,66,149,0.0035006,0,fish,0.0035006
783,clef1_frames000056.png,14,63,131,83,151,0.154613,0,fish,0.154613
784,clef1_frames000056.png,14,97,131,124,150,0.00102366,0,fish,0.00102366
785,clef1_frames000056.png,14,132,128,161,146,0.00125576,0,fish,0.00125576
786,clef1_frames000056.png,14,262,135,293,154,0.00334365,0,fish,0.00334365
787,clef1_frames000056.png,14,283,129,312,152,0.00584053,0,fish,0.00584053
788,clef1_frames000056.png,14,317,131,347,154,0.00206076,0,fish,0.00206076
789,clef1_frames000056.png,14,390,130,412,158,0.00144395,0,scallop,0.00144395
790,clef1_frames000056.png,14,422,129,443,160,0.00268332,0,scallop,0.00268332
791,clef1_frames000056.png,14,452,130,473,159,0.0021196,0,scallop,0.0021196
792,clef1_frames000056.png,14,4,162,15,187,0.00525953,0,fish,0.00525953
793,clef1_frames000056.png,14,38,160,62,180,0.00350874,0,fish,0.00350874
794,clef1_frames000056.png,14,68,159,87,179,0.00241915,0,fish,0.00241915
795,clef1_frames000056.png,14,165,170,199,188,0.00169705,0,fish,0.00169705
796,clef1_frames000056.png,14,194,166,223,186,0.00384801,0,fish,0.00384801
797,clef1_frames000056.png,14,229,159,258,187,0.0042896,0,fish,0.0042896
798,clef1_frames000056.png,14,260,155,289,185,0.00587651,0,fish,0.00587651
799,clef1_frames000056.png,14,289,159,315,186,0.0013706,0,fish,0.0013706
800,clef1_frames000056.png,14,323,162,347,189,0.00114056,0,fish,0.00114056
801,clef1_frames000056.png,14,391,161,413,191,0.00170191,0,scallop,0.00170191
802,clef1_frames000056.png,14,422,161,443,192,0.00321422,0,scallop,0.00321422
803,clef1_frames000056.png,14,452,162,473,191,0.0024881,0,scallop,0.0024881
804,clef1_frames000056.png,14,484,163,507,190,0.00110814,0,scallop,0.00110814
805,clef1_frames000056.png,14,135,206,169,223,0.00133031,0,fish,0.00133031
806,clef1_frames000056.png,14,157,197,197,216,0.00542451,0,fish,0.00542451
807,clef1_frames000056.png,14,230,191,260,223,0.00161766,0,fish,0.00161766
808,clef1_frames000056.png,14,258,188,289,221,0.00106321,0,fish,0.00106321
809,clef1_frames000056.png,14,391,194,412,223,0.00190793,0,scallop,0.00190793
810,clef1_frames000056.png,14,421,193,443,224,0.0037951,0,scallop,0.0037951
811,clef1_frames000056.png,14,452,194,473,223,0.00269247,0,scallop,0.00269247
812,clef1_frames000056.png,14,484,195,507,222,0.00117365,0,scallop,0.00117365
813,clef1_frames000056.png,14,128,219,172,237,0.0014528,0,fish,0.0014528
814,clef1_frames000056.png,14,152,218,195,238,0.00147026,0,fish,0.00147026
815,clef1_frames000056.png,14,226,220,263,238,0.00173803,0,fish,0.00173803
816,clef1_frames000056.png,14,288,222,321,243,0.0012552,0,fish,0.0012552
817,clef1_frames000056.png,14,390,227,411,255,0.0023307,0,scallop,0.0023307
818,clef1_frames000056.png,14,421,226,443,256,0.00461291,0,scallop,0.00461291
819,clef1_frames000056.png,14,452,226,473,255,0.0029135,0,scallop,0.0029135
820,clef1_frames000056.png,14,485,227,507,254,0.00118923,0,scallop,0.00118923
821,clef1_frames000056.png,14,360,261,379,285,0.00119022,0,scallop,0.00119022
822,clef1_frames000056.png,14,390,259,410,287,0.00298881,0,scallop,0.00298881
823,clef1_frames000056.png,14,422,258,443,288,0.00539934,0,scallop,0.00539934
824,clef1_frames000056.png,14,452,258,473,287,0.0030916,0,scallop,0.0030916
825,clef1_frames000056.png,14,485,259,507,286,0.001172,0,scallop,0.001172
826,clef1_frames000056.png,14,328,292,346,319,0.00157807,0,scallop,0.00157807
827,clef1_frames000056.png,14,359,293,378,319,0.00240093,0,scallop,0.00240093
828,clef1_frames000056.png,14,391,291,410,318,0.00442714,0,scallop,0.00442714
829,clef1_frames000056.png,14,423,290,442,319,0.00621859,0,scallop,0.00621859
830,clef1_frames000056.png,14,453,290,472,319,0.00306149,0,scallop,0.00306149
831,clef1_frames000056.png,14,485,291,507,318,0.00114752,0,scallop,0.00114752
832,clef1_frames000056.png,14,70,322,91,352,0.00155097,0,scallop,0.00155097
833,clef1_frames000056.png,14,102,322,123,353,0.00204412,0,scallop,0.00204412
834,clef1_frames000056.png,14,134,323,155,352,0.00203884,0,scallop,0.00203884
835,clef1_frames000056.png,14,167,323,187,351,0.00172916,0,scallop,0.00172916
836,clef1_frames000056.png,14,199,323,219,350,0.00176448,0,scallop,0.00176448
837,clef1_frames000056.png,14,231,323,250,350,0.00203455,0,scallop,0.00203455
838,clef1_frames000056.png,14,262,323,281,351,0.00233757,0,scallop,0.00233757
839,clef1_frames000056.png,14,295,323,312,350,0.00285177,0,scallop,0.00285177
840,clef1_frames000056.png,14,327,324,344,350,0.00377736,0,scallop,0.00377736
841,clef1_frames000056.png,14,359,323,377,350,0.0046711,0,scallop,0.0046711
842,clef1_frames000056.png,14,392,322,409,350,0.00622344,0,scallop,0.00622344
843,clef1_frames000056.png,14,423,322,442,351,0.00623729,0,scallop,0.00623729
844,clef1_frames000056.png,14,453,322,472,351,0.00282253,0,scallop,0.00282253
845,clef1_frames000056.png,14,485,323,507,349,0.00108468,0,scallop,0.00108468
846,clef1_frames000056.png,14,36,355,60,382,0.00105759,0,scallop,0.00105759
847,clef1_frames000056.png,14,70,352,90,384,0.00313126,0,scallop,0.00313126
848,clef1_frames000056.png,14,102,353,121,384,0.00485024,0,scallop,0.00485024
849,clef1_frames000056.png,14,135,353,153,383,0.00499557,0,scallop,0.00499557
850,clef1_frames000056.png,14,167,353,186,382,0.00491287,0,scallop,0.00491287
851,clef1_frames000056.png,14,200,353,217,382,0.00513193,0,scallop,0.00513193
852,clef1_frames000056.png,14,231,354,249,382,0.00550035,0,scallop,0.00550035
853,clef1_frames000056.png,14,263,354,280,382,0.00594043,0,scallop,0.00594043
854,clef1_frames000056.png,14,295,354,312,382,0.0066775,0,scallop,0.0066775
855,clef1_frames000056.png,14,327,354,344,382,0.00738474,0,scallop,0.00738474
856,clef1_frames000056.png,14,360,353,377,382,0.00682697,0,scallop,0.00682697
857,clef1_frames000056.png,14,392,353,409,382,0.00726066,0,scallop,0.00726066
858,clef1_frames000056.png,14,423,353,442,383,0.00592748,0,scallop,0.00592748
859,clef1_frames000056.png,14,454,354,472,383,0.00272708,0,scallop,0.00272708
860,clef1_frames000056.png,14,485,355,507,382,0.00104871,0,scallop,0.00104871
861,clef1_frames000056.png,14,72,383,90,415,0.00219718,0,scallop,0.00219718
862,clef1_frames000056.png,14,103,383,122,416,0.00361768,0,scallop,0.00361768
863,clef1_frames000056.png,14,136,383,153,416,0.00367689,0,scallop,0.00367689
864,clef1_frames000056.png,14,168,384,185,415,0.00349207,0,scallop,0.00349207
865,clef1_frames000056.png,14,201,384,217,415,0.00373306,0,scallop,0.00373306
866,clef1_frames000056.png,14,233,384,249,415,0.00414872,0,scallop,0.00414872
867,clef1_frames000056.png,14,265,384,281,415,0.004444,0,scallop,0.004444
868,clef1_frames000056.png,14,297,384,313,415,0.00474796,0,scallop,0.00474796
869,clef1_frames000056.png,14,329,384,345,414,0.00479855,0,scallop,0.00479855
870,clef1_frames000056.png,14,361,384,377,414,0.00461842,0,scallop,0.00461842
871,clef1_frames000056.png,14,393,384,409,415,0.00535542,0,scallop,0.00535542
872,clef1_frames000056.png,14,425,385,442,415,0.00461482,0,scallop,0.00461482
873,clef1_frames000056.png,14,455,386,472,415,0.00245805,0,scallop,0.00245805
874,clef1_frames000056.png,14,1,420,14,445,0.00109666,0,scallop,0.00109666
875,clef1_frames000056.png,14,35,419,59,446,0.00107346,0,scallop,0.00107346
876,clef1_frames000056.png,14,71,415,90,447,0.00234876,0,scallop,0.00234876
877,clef1_frames000056.png,14,103,415,122,447,0.00317035,0,scallop,0.00317035
878,clef1_frames000056.png,14,136,415,154,446,0.00297528,0,scallop,0.00297528
879,clef1_frames000056.png,14,169,415,185,446,0.00306584,0,scallop,0.00306584
880,clef1_frames000056.png,14,201,415,217,446,0.00333637,0,scallop,0.00333637
881,clef1_frames000056.png,14,233,415,249,445,0.00360736,0,scallop,0.00360736
882,clef1_frames000056.png,14,265,415,281,445,0.00382078,0,scallop,0.00382078
883,clef1_frames000056.png,14,297,416,313,445,0.00401363,0,scallop,0.00401363
884,clef1_frames000056.png,14,329,416,345,445,0.00410664,0,scallop,0.00410664
885,clef1_frames000056.png,14,361,416,377,445,0.00401339,0,scallop,0.00401339
886,clef1_frames000056.png,14,393,416,409,445,0.00414664,0,scallop,0.00414664
887,clef1_frames000056.png,14,424,416,441,446,0.00340501,0,scallop,0.00340501
888,clef1_frames000056.png,14,455,416,473,446,0.00234258,0,scallop,0.00234258
889,clef1_frames000056.png,14,486,418,508,445,0.00101365,0,scallop,0.00101365
890,clef1_frames000056.png,14,146,39,201,104,0.00462908,0,fish,0.00462908
891,clef1_frames000056.png,14,80,0,284,237,0.0012332,0,fish,0.0012332
892,clef1_frames000056.png,14,138,0,414,297,0.00104318,0,fish,0.00104318
893,clef1_frames000056.png,14,0,9,366,130,0.00413145,0,fish,0.00413145
894,clef1_frames000056.png,14,0,42,285,231,0.00127034,0,fish,0.00127034
895,clef1_frames000056.png,14,0,0,405,190,0.00496841,0,fish,0.00496841
896,neg_sb-0026.png,15,388,41,424,65,0.00189591,0,fish,0.00189591
897,neg_sb-0026.png,15,100,408,127,438,0.00136074,0,scallop,0.00136074
898,neg_sb-0026.png,15,121,406,166,438,0.00199834,0,scallop,0.00199834
899,neg_sb-0026.png,15,154,406,195,437,0.0011043,0,fish,0.0011043
900,neg_sb-0026.png,15,195,476,218,515,0.00100601,0,scallop,0.00100601
901,neg_sb-0026.png,15,406,100,526,186,0.00185312,0,fish,0.00185312
902,neg_sb-0026.png,15,319,193,488,296,0.00201554,0,fish,0.00201554
903,neg_sb-0026.png,15,187,365,293,424,0.00157194,0,fish,0.00157194
904,Set2_DSCN0948.TIF_0.png,16,6,0,29,21,0.0193299,0,scallop,0.0193299,fish,0.00147321
905,Set2_DSCN0948.TIF_0.png,16,101,7,133,20,0.00678202,0,scallop,0.00678202
906,Set2_DSCN0948.TIF_0.png,16,120,3,150,14,0.00198599,0,scallop,0.00198599,fish,0.00106142
907,Set2_DSCN0948.TIF_0.png,16,345,0,410,25,0.0187514,0,scallop,0.0187514,fish,0.00939799
908,Set2_DSCN0948.TIF_0.png,16,103,31,120,53,0.00105163,0,scallop,0.00105163
909,Set2_DSCN0948.TIF_0.png,16,172,35,194,58,0.00117698,0,fish,0.00117698
910,Set2_DSCN0948.TIF_0.png,16,188,32,215,59,0.00301282,0,fish,0.00301282,scallop,0.0014611
911,Set2_DSCN0948.TIF_0.png,16,8,89,20,128,0.00107568,0,scallop,0.00107568
912,Set2_DSCN0948.TIF_0.png,16,144,95,160,109,0.00399199,0,scallop,0.00399199
913,Set2_DSCN0948.TIF_0.png,16,161,97,172,108,0.00441877,0,scallop,0.00441877
914,Set2_DSCN0948.TIF_0.png,16,0,194,12,227,0.00124576,0,scallop,0.00124576
915,Set2_DSCN0948.TIF_0.png,16,293,280,331,335,0.00184402,0,fish,0.00184402
916,Set2_DSCN0948.TIF_0.png,16,304,296,352,356,0.00140661,0,fish,0.00140661
917,Set2_DSCN0948.TIF_0.png,16,435,309,473,342,0.00118979,0,scallop,0.00118979
918,Set2_DSCN0948.TIF_0.png,16,311,0,426,38,0.00340111,0,fish,0.00340111
919,Set2_DSCN0948.TIF_0.png,16,5,54,82,170,0.00120901,0,fish,0.00120901
920,Set2_DSCN0948.TIF_0.png,16,238,215,287,305,0.910812,0,fish,0.910812
921,Set2_DSCN0948.TIF_0.png,16,252,219,324,314,0.00108797,0,fish,0.00108797
922,Set2_DSCN0948.TIF_0.png,16,262,261,336,327,0.0031637,0,fish,0.0031637
923,Set2_DSCN0948.TIF_0.png,16,278,276,375,338,0.00822971,0,fish,0.00822971
924,Set2_DSCN0948.TIF_0.png,16,0,0,136,168,0.00102202,0,scallop,0.00102202
925,Set2_DSCN0948.TIF_0.png,16,285,0,449,182,0.00106977,0,fish,0.00106977
926,Set2_DSCN0948.TIF_0.png,16,0,0,311,251,0.00122643,0,scallop,0.00122643,fish,0.00101004
927,Set2_DSCN0948.TIF_0.png,16,117,0,543,302,0.00104751,0,fish,0.00104751
928,Set2_DSCN1090.JPG_0.png,17,414,4,463,29,0.00166828,0,scallop,0.00166828
929,Set2_DSCN1090.JPG_0.png,17,429,5,494,35,0.00101978,0,fish,0.00101978
930,Set2_DSCN1090.JPG_0.png,17,217,19,273,70,0.00105533,0,fish,0.00105533
931,Set2_DSCN1090.JPG_0.png,17,244,12,288,81,0.00132922,0,fish,0.00132922
932,Set2_DSCN1090.JPG_0.png,17,423,16,506,65,0.00138945,0,fish,0.00138945
933,Set2_DSCN1090.JPG_0.png,17,247,55,292,93,0.00216297,0,fish,0.00216297
934,Set2_DSCN1090.JPG_0.png,17,328,120,353,183,0.00620436,0,fish,0.00620436
935,Set2_DSCN1090.JPG_0.png,17,346,153,369,198,0.00136636,0,fish,0.00136636
936,Set2_DSCN1090.JPG_0.png,17,388,168,411,193,0.00175423,0,fish,0.00175423
937,Set2_DSCN1090.JPG_0.png,17,387,196,409,224,0.00255294,0,fish,0.00255294
938,Set2_DSCN1090.JPG_0.png,17,376,229,423,267,0.00179828,0,fish,0.00179828
939,Set2_DSCN1090.JPG_0.png,17,372,244,429,295,0.0010273,0,fish,0.0010273
940,Set2_DSCN1090.JPG_0.png,17,0,348,15,391,0.00261199,0,fish,0.00261199
941,Set2_DSCN1090.JPG_0.png,17,320,409,349,440,0.00127864,0,fish,0.00127864
942,Set2_DSCN1090.JPG_0.png,17,292,476,313,514,0.00105485,0,scallop,0.00105485
943,Set2_DSCN1090.JPG_0.png,17,325,477,345,514,0.00110471,0,scallop,0.00110471
944,Set2_DSCN1090.JPG_0.png,17,226,0,313,114,0.27014,0,fish,0.27014
945,Set2_DSCN1090.JPG_0.png,17,399,0,543,91,0.175939,0,fish,0.175939
946,Set2_DSCN1090.JPG_0.png,17,289,193,345,283,0.912126,0,fish,0.912126
947,Set2_DSCN1090.JPG_0.png,17,316,219,470,315,0.00437871,0,fish,0.00437871
948,Set2_DSCN1090.JPG_0.png,17,390,0,536,218,0.00353212,0,fish,0.00353212
949,Set2_DSCN1090.JPG_0.png,17,226,0,319,266,0.018767,0,fish,0.018767
950,Set2_DSCN1090.JPG_0.png,17,213,0,397,358,0.00166193,0,fish,0.00166193
951,Set2_DSCN1090.JPG_0.png,17,178,0,372,158,0.00897271,0,fish,0.00897271
952,Set2_DSCN1090.JPG_0.png,17,367,0,543,149,0.00117203,0,fish,0.00117203
953,Set2_DSCN1090.JPG_0.png,17,232,171,543,317,0.00270802,0,fish,0.00270802
954,Set2_DSCN1090.JPG_0.png,17,69,0,474,338,0.00144091,0,fish,0.00144091
955,Set2_DSCN2015.JPG_0.png,18,375,189,409,224,0.0016783,0,fish,0.0016783
956,Set2_DSCN2015.JPG_0.png,18,378,217,407,250,0.0022563,0,fish,0.0022563
957,Set2_DSCN2015.JPG_0.png,18,0,307,24,348,0.00406873,0,scallop,0.00406873
958,Set2_DSCN2015.JPG_0.png,18,527,353,542,387,0.00109804,0,fish,0.00109804
959,Set2_DSCN2015.JPG_0.png,18,96,378,141,414,0.00809201,0,fish,0.00809201
960,Set2_DSCN2015.JPG_0.png,18,473,390,528,411,0.00145689,0,fish,0.00145689
961,Set2_DSCN2015.JPG_0.png,18,520,386,542,413,0.00488351,0,fish,0.00488351
962,Set2_DSCN2015.JPG_0.png,18,478,408,520,439,0.00131449,0,fish,0.00131449
963,Set2_DSCN2015.JPG_0.png,18,522,403,541,447,0.00105221,0,fish,0.00105221
964,Set2_DSCN2015.JPG_0.png,18,486,471,507,516,0.00104793,0,scallop,0.00104793
965,Set2_DSCN2015.JPG_0.png,18,0,0,56,102,0.00124475,0,fish,0.00124475
966,Set2_DSCN2015.JPG_0.png,18,199,131,405,262,0.924035,0,fish,0.924035
967,Set2_DSCN2823.JPG_0.png,19,84,0,119,9,0.00807025,0,scallop,0.00807025,fish,0.00122925
968,Set2_DSCN2823.JPG_0.png,19,223,2,272,17,0.0028347,0,scallop,0.0028347
969,Set2_DSCN2823.JPG_0.png,19,338,21,379,55,0.0130413,0,scallop,0.0130413
970,Set2_DSCN2823.JPG_0.png,19,65,151,146,177,0.00653837,0,fish,0.00653837
971,Set2_DSCN2823.JPG_0.png,19,199,349,270,375,0.00370988,0,fish,0.00370988
972,Set2_DSCN2823.JPG_0.png,19,523,385,542,419,0.00140758,0,fish,0.00140758
973,Set2_DSCN2823.JPG_0.png,19,133,477,151,514,0.00104943,0,scallop,0.00104943
974,Set2_DSCN2823.JPG_0.png,19,165,475,185,515,0.00118645,0,scallop,0.00118645
975,Set2_DSCN2823.JPG_0.png,19,121,66,337,275,0.00403353,0,fish,0.00403353
976,Set2_DSCN2823.JPG_0.png,19,67,118,343,206,0.910515,0,fish,0.910515
977,Set2_DSCN4046.JPG_0.png,20,1,1,15,19,0.00157667,0,scallop,0.00157667
978,Set2_DSCN4046.JPG_0.png,20,352,4,393,16,0.00982464,0,fish,0.00982464
979,Set2_DSCN4046.JPG_0.png,20,367,4,423,20,0.00112887,0,fish,0.00112887
980,Set2_DSCN4046.JPG_0.png,20,251,46,285,72,0.00166376,0,fish,0.00166376
981,Set2_DSCN4046.JPG_0.png,20,252,59,283,76,0.00328501,0,fish,0.00328501
982,Set2_DSCN4046.JPG_0.png,20,348,59,403,102,0.00141309,0,fish,0.00141309
983,Set2_DSCN4046.JPG_0.png,20,448,55,497,93,0.00333132,0,fish,0.00333132
984,Set2_DSCN4046.JPG_0.png,20,185,90,216,126,0.00203285,0,fish,0.00203285
985,Set2_DSCN4046.JPG_0.png,20,390,476,410,515,0.00123671,0,scallop,0.00123671
986,Set2_DSCN4046.JPG_0.png,20,421,476,442,516,0.00111127,0,scallop,0.00111127
987,Set2_DSCN4046.JPG_0.png,20,452,473,475,516,0.00120078,0,scallop,0.00120078
988,Set2_DSCN4046.JPG_0.png,20,485,471,508,515,0.00116641,0,scallop,0.00116641
989,Set2_DSCN4046.JPG_0.png,20,318,44,423,116,0.0011027,0,fish,0.0011027
990,Set2_DSCN4046.JPG_0.png,20,227,206,344,261,0.852019,0,fish,0.852019
991,Set2_DSCN4046.JPG_0.png,20,166,195,388,275,0.00229862,0,fish,0.00229862
